user_idx,user_activity
10480,110
11183,95
5995,153
5626,60
998,77
11276,62
2907,68
1567,121
8863,71
33,57
5686,79
10937,69
9766,87
1789,58
1784,67
4517,66
2424,238
8596,89
9674,113
10823,77
398,71
3276,102
324,65
11649,66
1048,83
4779,71
6725,186
2741,72
11811,60
434,76
5494,67
2980,60
10957,76
5379,73
8761,447
8435,73
10245,65
3481,51
970,93
7702,84
8720,60
7446,63
2912,73
4294,94
7157,87
11044,99
11638,61
10474,68
8339,67
4843,265
7045,77
9191,64
7827,188
159,67
11869,106
5717,69
10403,119
4278,80
9416,52
2762,77
373,62
6,77
2149,54
8107,71
2844,74
9319,71
2503,75
1657,176
2048,77
8186,59
8243,62
2091,80
6588,63
4942,563
10426,70
7627,68
5228,61
7100,62
6254,78
8649,79
11234,66
1723,67
8713,120
9440,72
2677,65
11723,70
6154,91
11170,81
6882,97
5115,58
10415,61
2112,81
2067,76
6065,91
5671,58
10471,55
3634,71
7396,60
2540,100
9527,85
4875,75
9356,81
10834,54
8160,50
5799,69
2575,67
6103,82
9248,88
6078,63
4052,66
11970,69
1066,66
11343,232
6976,322
3402,89
4455,81
7773,64
1224,88
11533,68
9537,93
1533,85
8249,76
7968,82
9962,65
6363,86
1869,93
784,125
3993,66
9222,78
7021,138
4054,67
10833,129
2050,98
7279,50
4511,90
9615,63
4837,108
6766,72
11185,104
6600,81
6620,70
8634,60
10750,69
5263,69
9814,104
1068,91
10261,61
5966,76
10947,64
1242,271
4824,65
5744,71
4836,91
1539,63
9475,62
496,99
3251,66
4189,70
5537,75
8675,69
11546,80
2355,91
10891,229
873,63
532,134
431,66
6853,76
683,70
9635,67
9343,123
2795,71
10488,76
8793,60
1498,66
7833,79
3832,48
8147,66
7074,59
4825,66
7174,61
10248,62
486,70
868,59
6493,94
2733,66
6408,81
4815,62
7225,58
5922,72
5457,107
10732,76
1115,62
4913,64
11494,80
7663,107
2657,79
248,74
3839,74
9822,60
334,66
6438,52
2791,68
4105,219
8144,78
11433,64
2226,57
7741,89
11486,57
1347,273
6891,83
8473,73
11830,74
46,69
8045,77
1394,57
5648,79
6100,69
11492,140
85,168
1502,56
1986,89
3303,67
4206,92
3509,55
11637,56
6675,59
2336,80
5429,93
5366,110
3667,77
10910,76
11197,69
1019,62
3586,99
3487,56
7036,73
9997,115
9177,97
1430,102
8304,74
287,334
6793,78
3521,83
9096,69
10731,76
1886,87
3258,50
1816,52
4163,74
2272,156
7728,69
9598,76
8540,101
3004,89
3908,46
1716,65
10708,60
10876,62
5685,70
1334,210
3014,124
3579,81
3604,80
8864,74
7716,66
10346,78
4759,72
7815,60
11525,55
5828,74
10844,68
5427,65
8128,162
6240,73
524,61
7617,81
2372,85
10839,74
3511,63
1946,60
914,71
9036,116
10432,90
1020,64
10659,83
10183,68
11498,67
3574,82
3770,73
11620,126
5601,70
5226,63
10030,60
2935,68
9893,68
3364,49
4679,63
3695,63
6652,76
8190,64
10971,55
634,65
5046,131
11631,250
2734,105
6621,77
3606,85
8814,84
7849,78
6180,57
6270,70
9423,75
5422,60
9139,66
7156,72
4984,67
8090,71
1612,78
9750,167
1855,64
4404,152
8914,62
2453,62
2972,290
3933,109
7950,69
641,65
8413,78
8529,132
10463,68
1661,63
9729,59
4162,78
4998,121
1,79
10599,97
5206,65
3884,66
9014,78
5872,76
4777,78
2793,85
4819,75
6429,106
4562,219
2199,79
9560,67
5611,163
2746,65
4153,59
903,63
9304,177
349,71
6116,150
10531,91
8637,76
1757,69
5401,83
1405,91
8252,85
606,55
3319,83
8403,179
7952,91
11720,71
5628,66
4751,73
10309,136
497,86
4930,68
9558,81
2074,122
5726,55
5493,72
5860,63
7031,60
7976,80
7296,82
10422,72
882,68
3324,87
6808,53
2875,61
3939,84
7527,89
2325,80
2347,59
425,49
1535,81
11377,78
1371,74
6883,84
8672,80
949,69
10642,181
7196,77
3107,63
2273,64
9825,61
2289,90
5387,76
5699,84
4036,99
4654,80
7479,96
5127,79
442,4649
340,86
8193,80
2031,66
889,48
5065,75
3528,77
10095,151
3091,64
935,89
9269,71
6840,62
6714,59
10515,64
8317,83
225,69
5761,74
6209,69
8343,185
1370,79
3207,62
7597,76
10998,77
9781,87
9263,115
7018,63
1006,124
7238,64
1842,67
5515,77
6814,98
9349,54
7274,80
3398,71
1762,95
7029,67
5178,89
11549,150
5850,66
921,66
11385,71
9700,80
2771,62
2343,75
10002,70
6077,80
944,76
7048,61
3629,67
10877,62
41,63
9529,55
9733,61
8957,78
4533,71
8183,55
5253,95
885,77
9103,73
1335,72
10287,75
5006,76
11561,77
11026,73
11450,76
2842,41
665,79
1208,71
8281,76
1214,66
4170,60
2232,81
10544,64
4669,78
6586,60
342,70
3860,119
5569,84
6491,70
3373,69
696,74
5536,70
7991,99
261,72
49,60
5441,82
5385,97
3897,74
8457,60
11560,77
9758,81
2426,62
5532,70
8402,65
4267,2228
10683,78
5276,122
156,73
6530,67
5976,68
4114,55
715,62
2946,59
11947,61
3785,240
6290,58
2009,65
11344,69
8474,63
11020,68
9710,59
7566,76
5862,75
4002,74
332,68
5927,77
10107,99
9085,76
7456,75
5019,68
3691,72
5633,64
7647,267
607,73
3135,84
8895,66
5252,165
8469,71
5397,62
9577,77
6049,73
10365,88
11540,65
2899,77
2542,63
5953,72
821,71
8643,71
9071,93
1973,97
6880,77
1513,61
8625,98
2509,86
589,58
10164,76
7731,56
8875,80
8195,80
8408,74
9584,76
2780,60
7694,172
5942,140
4549,104
7655,87
10056,78
2124,95
6765,77
11751,54
9806,75
6708,57
11924,71
386,58
9309,89
9197,63
5154,124
8064,76
76,59
2661,86
1556,101
11038,74
4031,108
8417,62
5026,86
6052,71
1655,69
3932,76
8262,109
1898,80
1133,71
2440,60
9672,100
2245,73
7625,76
2013,64
11423,96
3137,63
6800,475
3638,147
3680,71
3575,62
5781,68
3198,104
303,65
3501,64
2450,73
1726,60
8067,82
6821,73
2750,107
5346,150
2025,67
7212,63
10083,63
3603,79
1236,75
8867,74
4976,188
4876,91
1691,74
1696,85
8419,113
6021,52
2584,47
4603,65
9484,69
4233,73
9811,62
10664,87
4447,88
5809,78
11949,94
3597,70
11760,69
9909,65
8245,64
4197,76
839,63
11299,92
6316,64
2906,108
8796,61
6614,988
6663,67
8385,86
1373,86
8393,176
6038,64
5261,110
1408,81
1537,72
3875,70
3493,75
3403,95
27,82
1679,66
5786,118
635,72
4429,66
441,80
9898,58
5945,80
11921,54
10694,109
2515,75
8799,66
8597,149
10473,85
1943,129
3412,316
5398,68
7862,85
3050,55
8013,77
10867,72
2855,95
700,94
1742,88
11858,67
3960,180
1489,70
11864,58
1508,73
3876,73
1438,91
11220,103
2351,74
7786,62
6007,81
10560,71
4155,71
7441,56
4328,82
8910,71
3544,58
5688,64
540,78
7804,61
1545,95
5073,68
5095,101
8114,76
10020,78
10206,72
10376,73
6778,63
2890,56
9485,77
1764,151
11576,60
7762,60
6326,68
9039,56
8844,59
9341,65
10364,74
1399,78
7901,73
10568,63
10777,98
5030,102
578,99
7834,69
3836,141
2049,73
2062,166
2745,92
10635,73
1076,66
8070,55
5620,62
8109,77
3540,84
3036,100
1717,96
11054,79
7712,66
9601,86
10124,81
1739,57
11939,79
1200,97
5661,68
4101,66
11660,49
2196,130
2056,75
10021,75
8261,68
2419,97
1265,79
4809,77
9395,73
778,72
11615,69
6054,58
5386,79
4545,76
6760,92
10555,112
7897,83
5796,88
2901,75
988,61
7386,83
5284,68
382,65
7910,139
618,60
5772,100
4412,75
8890,91
897,60
11823,72
1598,88
4514,111
7119,151
5071,63
10790,59
3519,71
3116,110
3927,67
5085,82
7180,56
953,56
8954,68
5654,86
180,77
11552,61
5281,77
3415,83
8516,97
7876,74
793,115
3430,59
2880,69
3847,74
8742,126
9454,109
4024,78
8030,59
10696,76
7455,128
4769,81
4882,62
11003,168
2865,53
11206,59
11632,72
11743,86
4969,83
2824,147
8054,84
9046,67
10992,63
11090,72
7750,52
9382,52
1089,65
8708,47
10620,59
7788,71
3614,67
10434,89
1113,66
11952,92
8828,62
10517,67
4903,66
866,62
2403,144
1843,52
1363,72
6619,66
2954,66
647,67
5897,68
2353,81
8817,72
11382,82
9278,86
7519,69
5389,65
7693,60
11628,60
7740,71
7638,85
1436,78
5246,85
10084,66
11701,65
10565,67
10133,78
7251,71
4156,559
337,139
10744,65
7997,79
4274,84
10267,160
11906,72
2463,70
4773,77
141,63
11763,61
8400,74
4419,141
2719,67
1693,64
11612,71
138,67
2139,73
10193,93
2132,60
4006,78
2246,61
8854,74
6324,48
8226,81
7035,151
10812,81
7704,89
6067,62
3552,63
11446,83
1506,104
1521,51
7160,79
2835,90
8410,73
11821,64
1782,83
7826,363
2104,85
1043,74
2057,75
1532,495
5678,120
7852,125
7646,64
11261,71
943,72
10534,91
1213,80
10956,185
7265,77
3774,55
5840,86
6646,133
9250,279
2758,78
3751,79
4168,76
9017,76
6233,59
752,86
10115,245
725,64
10484,78
10896,72
4459,78
11075,69
4453,75
6844,139
8461,90
8990,88
2501,65
4175,66
10195,65
5680,61
6182,69
684,62
5124,72
1327,50
3358,69
291,69
5075,118
5383,61
7986,99
2723,75
8263,61
9830,121
5892,69
10081,67
948,84
4082,84
4966,73
3894,73
9858,59
7828,69
2375,83
8320,156
786,71
9640,85
1844,62
10710,61
10993,93
9838,79
11585,53
10323,75
9452,66
6532,77
4526,102
10420,81
1049,66
7418,82
3163,77
10946,71
3502,53
11852,70
11566,141
522,249
1941,86
321,176
4537,101
3382,57
6776,60
4224,62
6501,69
8884,78
3818,75
3308,344
628,60
1469,73
677,51
8918,76
8680,77
5082,87
6924,53
4926,74
4664,112
10602,60
5010,61
4382,80
3093,91
8165,78
1085,132
9038,82
11455,99
2660,111
5449,74
6245,148
8548,67
7845,96
8412,57
2231,148
1980,74
7392,75
6219,84
11930,45
9415,77
4872,70
8952,67
8152,345
8655,121
9508,96
10431,72
7482,67
4497,57
1803,72
6307,58
6288,91
1805,65
2041,61
9409,68
1887,60
8840,76
546,79
7531,79
8425,67
1354,76
5780,65
5714,97
10167,76
3652,109
9732,69
10667,80
6695,74
3745,113
7982,62
475,58
5777,50
9891,142
6609,78
6705,70
5272,56
9032,209
2925,62
4880,59
4895,75
2377,68
2902,122
11750,65
7468,71
6863,99
2011,57
8012,66
3111,96
11757,70
5513,76
6854,75
6717,63
7980,70
6784,86
3464,65
7735,158
6337,67
5913,99
2564,98
2953,83
9251,82
7136,74
7576,72
5669,71
3551,136
8162,54
9625,97
11023,87
11212,126
6350,120
1230,69
7300,99
6935,74
1688,85
7267,53
7245,83
1710,103
11861,86
4010,57
8600,81
6282,71
10646,69
6390,70
724,63
10051,325
10428,71
5325,77
9305,91
2457,69
3987,59
3627,139
4762,149
7417,58
9526,70
10306,85
5937,70
10638,71
847,96
10348,67
4295,91
3733,77
712,69
3891,294
2239,49
6743,80
7076,188
2619,85
4502,52
7764,133
8231,60
2553,74
9118,98
1228,96
6954,68
10884,73
7235,68
1984,65
2537,91
5505,120
5190,57
7142,61
4944,63
11531,80
10151,72
5350,87
8031,103
10533,83
7707,52
2597,70
7581,52
10724,65
8406,60
535,69
3450,52
2567,81
9702,72
8044,67
6293,62
4437,75
10821,84
4768,57
5762,73
9220,62
5900,69
9948,79
4411,62
11919,61
7541,90
10871,67
8905,148
3800,53
9246,76
4138,63
2078,65
11414,58
8378,67
11287,92
1970,79
1555,63
11679,71
5511,59
9122,85
3086,71
9787,139
1864,69
7785,63
8778,83
3190,82
1759,71
5725,123
11535,70
10630,106
113,100
9303,70
4818,79
8103,62
5501,82
4468,64
3226,59
6424,110
6856,111
2328,80
8616,85
8685,166
756,74
3192,63
7920,85
11599,59
1821,76
5936,70
9000,90
579,73
470,77
4080,67
10159,94
10637,89
11865,70
4899,61
1838,80
10031,85
3413,66
11514,66
385,79
2601,67
2171,64
5797,123
7945,67
8647,82
1178,63
9525,110
8582,87
10172,67
9755,67
11957,73
8560,70
10699,60
11126,74
10600,79
3312,76
10799,73
4134,70
4424,78
2359,101
5891,99
10944,129
2586,84
2251,153
5518,134
5168,92
2481,64
6450,71
11403,54
2427,193
10168,70
9293,64
246,122
7184,107
11541,91
1804,88
6273,69
3632,89
9789,81
6402,72
9817,60
11697,57
70,66
7587,70
11332,78
6959,68
6451,77
705,71
2252,80
10456,92
6432,77
5619,112
5047,74
7649,74
10465,98
10144,81
10041,71
4923,60
3468,74
3257,61
5200,80
8076,107
9697,61
11240,74
3975,68
6849,66
9841,88
5072,123
1670,53
4298,79
2699,76
7422,83
7729,63
4811,114
2296,78
205,61
11228,60
9480,76
2037,89
3928,78
10156,68
8277,59
4633,106
2301,96
10767,105
4891,68
6534,59
2738,61
6732,74
7393,62
5185,136
10596,93
3352,130
8620,127
11237,68
8858,84
1547,68
8976,67
6602,93
7162,65
8515,85
2654,71
2443,225
7682,72
7132,86
3333,69
3735,57
656,678
1027,78
9094,66
1630,67
11889,83
9067,72
9176,61
1755,66
2167,75
7089,46
1777,69
5076,74
4476,58
9201,77
8302,70
2996,70
6965,83
9335,83
11319,71
9479,122
11413,59
4000,79
8024,79
5287,48
11405,74
554,95
2989,80
9696,72
801,73
5433,73
8122,122
4228,82
8650,75
4422,71
6349,73
42,84
8571,70
5294,77
9914,74
10816,81
6471,65
4058,124
3482,56
8068,55
1761,168
742,67
10897,147
8346,82
7010,83
2600,124
11518,62
1268,91
4881,71
9579,85
10356,61
7221,91
1421,70
9181,85
1684,83
5519,81
10452,70
6062,80
3668,93
11270,76
7575,68
5856,64
5408,75
61,58
7002,95
5546,70
2379,56
2291,53
6477,63
11726,66
2016,59
3971,78
10280,80
11768,65
7777,62
11617,69
7559,94
9149,78
2382,154
1858,57
4266,76
8348,63
2811,106
4743,62
11334,60
2717,50
5099,66
10435,119
865,75
10298,68
2367,78
10634,83
3662,75
1267,69
1641,279
2407,89
3741,60
6412,132
3757,70
1359,81
4145,101
3834,67
283,77
7530,63
5694,58
7568,69
5135,75
731,68
10536,66
4452,63
62,110
7401,96
10666,66
11503,52
10967,213
5087,73
9773,86
10326,86
9555,61
6667,92
2101,83
5986,112
7988,83
2383,110
1330,83
11658,79
3448,72
1231,70
2970,73
10478,94
9656,73
5861,91
6442,57
813,84
5490,75
9419,135
9769,84
2724,48
2847,66
8371,88
7972,112
8913,71
14,90
8397,70
4027,68
9709,60
3386,73
4055,63
11517,72
1692,74
5550,211
6452,82
5876,173
365,77
4786,88
8823,71
1519,54
6012,61
2333,61
6890,67
11204,55
11415,89
11941,87
5871,73
8968,65
9917,81
7435,122
9588,82
4186,70
10363,167
11839,58
3057,45
604,88
10628,84
8444,134
5854,154
122,86
7239,59
7684,97
4674,78
8987,80
7725,96
6013,67
7307,85
3497,72
10387,82
3394,60
7813,72
4336,94
4862,64
11708,106
11935,59
5107,66
3295,68
1870,71
8841,89
5559,58
84,72
8257,82
6150,58
6080,87
6724,61
8936,65
2215,64
6128,63
10782,80
5448,71
1748,82
5480,81
11669,67
5329,78
3087,64
9583,54
7254,63
6383,78
8047,68
4307,74
4501,123
6887,101
1429,66
2768,60
2973,77
292,85
8156,143
7886,65
7088,60
7854,57
11069,64
829,73
11736,46
11421,123
2435,60
11644,73
3334,69
9380,77
11570,67
1157,81
10709,66
4349,80
8050,70
6555,68
3409,82
3690,108
10308,103
6871,98
1127,73
4987,68
7500,55
7474,71
7080,124
8703,74
6829,60
8324,74
4091,74
10070,213
1492,57
6164,91
1583,69
4427,63
2857,76
11696,82
1527,66
1994,71
6605,54
10340,75
9363,61
3682,61
5789,63
10450,59
9064,67
11904,50
2803,64
4804,267
5086,62
11653,89
10543,70
2909,62
7072,54
10850,73
7103,86
1302,107
1317,92
686,79
8380,117
6360,73
2930,107
7616,77
8780,71
10716,86
10658,116
4820,62
5000,63
615,72
5523,57
7356,77
6947,88
4273,91
11600,66
11331,178
4183,138
3786,74
7551,81
9655,171
6425,57
1374,78
7902,69
91,84
2135,67
3624,79
8963,52
10412,53
10689,77
8887,85
3594,76
6723,111
4432,70
2462,77
4217,71
745,70
9928,67
10455,74
11056,113
4823,73
10196,77
319,73
3083,61
5516,85
4359,149
4934,88
690,60
8631,58
1859,58
6925,66
5051,69
6431,71
10598,66
11657,70
3767,53
6674,72
3703,93
11115,234
3543,137
4095,70
1259,152
11173,68
1188,85
6608,80
5434,68
6418,68
1183,81
8048,77
2109,78
7230,83
9295,62
10783,70
3701,65
6051,72
9603,67
2392,68
10430,62
1011,60
3250,73
5573,67
5416,70
11582,138
3527,85
10761,83
1393,107
10733,76
11376,64
6237,48
103,58
6660,59
1088,76
4617,101
2309,70
7151,75
1905,74
3045,122
149,76
3356,69
796,77
9410,80
3060,72
9390,82
625,72
6987,63
3196,84
7203,75
6085,62
694,85
7489,61
7806,60
8636,124
4553,54
6570,93
10805,63
10832,58
8394,72
9890,177
88,78
4433,85
1534,120
5312,65
8947,69
11311,74
6081,111
11281,75
4619,104
6226,66
6556,81
8681,63
5738,91
1992,81
6629,85
1617,119
2977,105
2569,61
633,78
1412,78
11778,178
7661,79
6557,72
10152,80
11686,58
2428,63
7485,83
8662,85
11066,72
9575,66
11562,81
7705,62
3943,69
1233,62
2708,59
11499,85
276,68
3465,86
9716,82
6505,85
8833,95
4939,70
5400,136
3061,70
2314,82
4609,66
5483,138
3674,76
2069,92
7912,70
11512,63
8847,86
6528,74
4846,107
10672,70
9325,70
9083,72
9516,127
7309,93
6583,71
1733,70
8084,108
9151,93
11485,87
3900,79
567,57
9772,70
7670,73
7774,72
11798,78
7582,74
9185,94
9823,65
11137,88
9783,54
7959,315
7732,68
7188,89
528,79
10589,151
11950,66
6376,68
7091,94
8235,83
10454,90
9336,68
11229,88
10861,59
4742,55
12,76
7766,121
6163,83
5534,66
11887,82
945,74
5337,79
8956,156
621,56
5673,77
2338,89
766,55
555,159
7961,54
2642,81
507,78
11398,78
6092,92
5372,88
3547,215
516,65
9566,61
7070,74
1873,72
8782,68
6306,84
37,84
5326,182
2652,78
8092,76
3316,78
3503,70
573,51
10315,72
4756,78
3344,66
9221,86
11851,70
10858,189
8827,61
8039,156
4380,323
4390,161
3903,66
2961,67
1172,146
10525,69
9245,77
6520,80
4472,146
9675,72
862,81
2437,58
7241,88
2229,82
2036,72
10335,93
11430,59
4595,84
10751,101
7929,124
10990,81
2115,84
9029,70
3138,65
2722,65
10728,70
2492,90
1042,76
6670,70
8570,60
4241,84
3456,56
6541,48
7051,59
9468,119
9904,86
4840,122
440,83
4199,163
2527,64
9877,89
6362,60
4368,76
7194,74
2161,76
3740,142
10661,69
8326,59
4962,75
2358,72
1082,56
11928,70
6630,59
11102,255
4443,79
6201,66
2630,109
10660,81
11557,73
6874,81
5394,78
11925,153
10982,70
9444,68
9079,118
10870,72
3837,72
6196,151
9195,73
2006,64
10190,76
8949,75
5645,64
5875,90
3889,97
612,87
3816,94
3140,75
9360,69
9169,66
10234,58
10187,94
242,65
5949,63
3171,120
8889,77
1047,79
7956,89
9172,94
10720,55
3444,71
9301,66
6122,65
11613,73
9774,54
1771,95
377,68
10380,78
11597,63
3942,86
8897,58
782,66
6748,80
11739,72
9775,85
5801,435
3478,88
4435,79
11916,61
1490,63
10491,60
5679,72
9535,71
10382,204
9481,65
9740,195
4644,69
6938,65
10796,60
5604,97
3564,49
8279,89
10125,84
1004,89
8009,113
10580,74
6997,86
2832,70
7374,447
4957,58
1963,63
11326,59
10938,105
740,66
206,71
10260,70
2354,71
5369,74
1458,69
4975,154
1253,131
5491,81
4648,61
6945,72
11668,69
7308,78
1631,69
7167,82
7061,64
3476,74
6639,83
10359,104
1783,82
7380,59
3466,59
3709,67
11028,82
680,83
7871,73
1366,78
7064,79
8493,75
3808,67
2019,67
4897,164
10297,67
3968,106
6228,72
11537,105
10955,108
8728,75
9204,60
2051,81
424,63
1549,99
2269,71
768,58
1601,59
5639,103
9110,57
5138,75
1914,64
9009,82
7757,130
10995,83
4490,73
1062,79
4775,68
478,183
412,145
381,107
2023,66
2293,62
6640,79
7027,66
1367,86
2897,71
6392,113
2942,98
2809,71
4989,135
11394,55
8721,57
4821,64
2381,232
71,70
39,71
6625,88
8704,104
3335,58
1976,69
11007,72
3384,122
9407,64
9711,140
4860,72
4955,74
10176,102
10089,81
6966,57
2282,89
6581,73
8079,59
3010,124
645,55
6828,70
8008,60
856,117
5067,91
290,73
9958,60
4176,98
5689,62
2170,79
8524,60
482,65
10927,65
9896,85
11439,70
11534,75
11271,86
1890,70
11963,80
209,75
1081,68
5641,87
8274,58
9401,64
10437,62
11867,77
6980,69
8551,63
6823,73
11453,65
8815,72
6897,87
5739,87
11139,68
9809,71
8896,112
7026,71
8937,68
4070,60
7557,62
5866,114
5041,73
7349,57
8663,81
235,77
1505,62
6022,101
10334,75
2297,72
5919,70
7269,69
4757,111
3563,68
5842,92
8483,55
2483,76
11682,154
6979,167
7651,78
9826,88
9540,74
2904,88
1108,66
9768,77
11012,69
8134,66
9874,93
833,226
4250,71
510,62
7549,66
4724,71
5793,67
11410,80
548,59
10616,58
9439,62
6423,59
10864,68
2114,65
10768,73
6210,89
10027,200
7067,87
10986,67
1832,59
5004,69
11312,60
7470,95
10685,66
1507,85
10049,71
11790,63
10131,80
7665,72
5131,89
3779,77
4954,91
6870,68
10098,68
11651,53
2400,98
7101,78
1137,123
11523,62
5033,62
8743,74
6519,69
4292,132
7784,80
437,100
8210,80
5554,67
5425,143
2808,90
2257,61
443,100
7911,51
4929,67
4086,77
3716,141
9541,170
8185,139
10040,64
9630,65
6797,86
2845,62
1170,55
9959,81
6173,94
933,68
4805,55
1713,62
1009,72
7130,151
10604,60
8253,55
1340,74
956,75
10974,61
802,75
4593,76
8319,58
1546,87
11125,73
2703,76
11350,63
1990,74
757,49
1485,81
10545,67
10262,65
6140,69
3998,69
7922,176
2505,70
4763,57
2593,412
1787,57
2783,74
9472,103
7720,106
8250,72
1272,70
3123,73
1146,74
624,78
9208,74
9956,68
11761,87
9228,74
2915,72
2040,76
3414,75
2585,65
8476,78
5970,51
8810,72
5549,68
5564,70
115,66
8882,82
10146,75
4803,246
9986,56
1235,56
216,82
9016,75
9393,50
11330,60
10085,60
10752,239
123,84
6788,73
6831,65
1072,69
5496,78
8523,77
759,69
6511,71
9534,81
3699,70
9804,72
9199,65
10691,136
10290,65
9871,56
8809,89
1961,77
7772,69
5545,120
9430,69
10060,71
8993,73
8941,65
4538,87
4888,57
819,77
9790,68
8901,84
1672,92
11317,63
11323,74
7071,60
1745,48
10268,154
11513,177
2183,60
2991,66
1303,68
10579,63
1052,239
11464,61
8489,58
7014,57
9347,68
9213,69
5735,84
4921,101
11791,70
10413,61
2261,162
11187,73
3279,63
2268,59
11728,231
7650,331
9211,55
10755,95
11274,75
5531,83
1455,56
2664,97
6465,91
3809,56
11746,69
10101,67
6706,73
3098,75
4116,62
11629,66
10008,75
2005,74
6601,77
3104,81
466,69
960,59
719,87
5193,90
9730,70
1333,61
4430,63
9820,116
7211,80
8411,53
9342,151
5461,70
3934,48
1852,61
3854,196
9234,87
10764,71
10575,82
2200,98
96,57
10490,107
979,93
7908,75
7496,132
7005,63
11424,107
75,58
852,94
10293,63
9824,62
5318,75
9850,75
11893,84
4460,74
7215,90
11663,198
4790,60
5877,80
5565,79
5748,71
7268,73
8812,58
3925,77
11636,89
5727,65
10223,64
4521,78
6305,65
11327,45
4967,62
5647,74
4263,79
503,73
2578,51
6443,78
7970,47
6277,102
8139,60
10210,80
4265,103
6069,66
4600,85
9166,83
3270,66
10822,88
8454,345
3775,62
7310,64
2480,62
1541,60
8537,70
7096,180
4598,76
1614,73
5627,64
649,95
8259,72
4750,67
5764,79
4534,74
8490,72
2350,64
374,104
4561,74
2532,75
4220,68
8287,63
9989,72
1962,96
3388,215
7092,57
2111,57
10311,67
4713,65
6386,66
10462,96
4373,59
5309,79
8098,59
8088,75
6688,75
304,69
1706,80
2706,126
2121,65
5859,52
2136,61
9859,67
8775,63
2810,73
111,97
7744,76
2944,72
259,75
10117,168
10734,68
11845,69
7542,113
5702,69
8020,64
108,53
2982,49
1287,81
4396,82
10449,76
5469,63
7390,58
4677,72
11119,62
13,70
7139,70
9835,65
8934,151
1396,59
8511,60
644,240
451,55
1499,72
11595,90
2302,67
726,75
8693,75
8237,54
1720,54
1466,72
10652,117
1891,71
1544,74
7946,87
3906,67
11262,75
4045,69
8477,62
5266,166
1474,80
11437,67
911,76
6474,83
4202,80
2280,76
1620,79
6888,88
7397,79
3215,85
204,165
5746,67
8958,59
3361,74
8456,102
9767,75
10866,103
4506,85
11569,65
5981,67
837,66
11766,141
4268,73
1543,64
4663,63
11502,56
1578,86
1530,79
2798,63
6617,85
7675,66
8110,75
1610,90
10227,63
3983,62
6715,78
5424,82
2594,61
4449,79
10032,58
7794,67
8853,77
3113,59
5133,70
10222,73
8016,73
5895,62
9553,76
2227,72
10286,99
11386,63
8392,91
367,66
3225,66
6127,83
2362,69
10044,72
8707,56
1879,65
8344,76
2782,68
2870,74
2976,91
4013,54
4772,72
1257,168
3224,59
3089,66
11110,55
3085,81
3121,80
11914,54
1093,82
11910,85
971,73
11602,62
11849,60
9645,138
1697,90
3477,75
5723,83
518,66
4996,72
2304,68
9840,72
7343,79
1840,72
8642,67
5971,74
6531,67
3396,76
1756,80
3888,88
2332,59
455,76
2710,56
32,61
1105,76
2285,61
11593,64
9833,85
5410,219
5747,73
3175,170
11796,81
9703,64
11097,82
958,401
3211,78
7634,87
11264,69
10194,122
9249,112
9051,78
1768,65
8452,64
6735,221
1057,70
10185,73
1600,77
5221,88
10682,92
11339,69
1063,58
2887,67
1586,75
7427,61
1725,68
1130,64
1510,63
9643,67
4198,92
8554,88
3532,63
10273,66
4833,67
6023,65
10748,71
2735,91
2335,66
2247,92
4094,61
10386,72
10583,67
11838,68
3271,73
1687,69
9114,91
6046,61
439,111
8725,72
7998,70
662,74
5631,61
9593,158
7835,63
7654,68
10250,70
3905,66
10940,80
8142,64
8712,79
3485,130
4102,71
8058,114
940,81
3314,231
2806,77
4789,66
9819,66
6480,63
4354,64
5356,69
5868,65
4622,63
1563,60
7077,63
2398,68
6912,73
8973,79
4536,147
2185,51
4525,403
4950,149
5656,63
8191,68
3896,67
6551,82
3654,67
5933,93
1892,75
3200,79
10711,73
10552,94
11416,70
4342,77
7357,75
1468,62
6589,59
1379,70
401,131
11601,56
3955,65
7533,135
2374,74
2072,74
3844,89
3059,63
6775,72
920,69
6230,72
11073,85
9314,61
231,70
10417,99
10714,53
2628,56
126,95
11057,58
10266,57
2412,80
7561,74
6769,92
2192,89
66,86
4594,59
7057,77
2484,74
7099,90
11749,67
6207,85
10476,68
10154,56
1309,68
6768,150
8465,88
9345,166
9162,51
6774,62
10113,74
10236,86
11835,65
50,60
3141,74
1557,70
4146,79
11454,61
9058,84
1447,87
7043,69
6689,64
7894,76
11727,70
7206,121
163,62
4746,102
6004,94
174,58
5470,72
5806,234
7859,123
10069,71
3728,123
2186,92
9371,92
67,84
11360,100
3670,60
8682,93
498,80
5855,66
3288,82
1168,76
9233,54
1959,62
5664,76
11793,118
859,62
10327,81
9450,77
2700,65
3109,75
5417,69
6826,85
4364,91
7882,61
3152,57
7626,162
4601,73
19,107
4334,76
5475,68
9398,93
5014,51
7283,99
2439,117
1604,85
3046,80
7252,72
8316,63
1285,65
8310,58
2843,67
5526,88
9413,62
1514,69
10472,80
3449,64
9001,92
9964,67
7642,64
1901,74
3227,67
6683,59
932,75
5521,97
5572,69
7734,61
8035,66
433,69
2262,67
10391,68
3961,83
763,64
6391,57
7930,92
10520,52
11257,78
4204,77
73,150
7423,84
11074,72
11284,95
617,73
4937,69
5184,73
2864,63
7290,72
11292,112
1106,67
1296,105
10204,69
1039,58
5589,76
7621,62
5904,69
11800,52
5236,70
10773,78
9955,61
4038,292
6969,58
654,81
8785,128
4326,66
1189,61
11463,105
5320,444
4209,66
2096,63
7941,72
6469,74
5557,241
4567,79
2769,78
2024,85
1615,80
6795,70
407,73
9225,76
11030,75
3964,120
1663,63
4906,77
3506,80
3315,83
7412,76
1981,66
7978,82
7129,78
8678,68
8733,80
3206,76
4284,92
4259,99
7609,63
4068,78
11213,57
4242,76
6339,90
8401,84
5437,71
11372,85
4587,64
826,61
9626,107
7645,73
11664,72
3531,93
1337,65
7497,192
1826,82
2943,66
9402,68
6564,67
6287,89
3370,53
9260,74
7452,75
2693,67
10017,78
8042,66
2718,55
5123,51
8573,71
3525,56
7798,127
954,66
7028,70
6053,72
1807,71
3830,76
7432,71
10408,84
4720,62
10611,94
11510,57
5613,70
4801,145
4928,91
11532,69
4655,65
4212,80
5148,58
4113,88
9870,265
7865,167
5754,57
8611,68
3910,64
9351,81
11594,76
5348,59
7255,71
3432,70
11080,75
7620,81
1440,79
8845,75
11542,70
915,64
3365,69
3504,114
3253,57
3590,60
10859,188
5749,71
4184,62
5587,63
1634,67
2563,76
1895,71
3262,215
7025,68
1569,65
8311,77
8921,68
3236,59
1292,101
8063,65
9624,79
11509,75
8434,72
5,105
2968,71
4194,131
11894,68
4471,56
8552,62
3833,76
6672,70
11900,97
10770,77
8948,78
9040,82
5189,106
6135,109
1494,61
4703,69
3064,58
8661,64
4893,95
5767,83
11155,53
9903,93
1664,72
3044,86
10158,78
10341,104
10593,75
3858,57
9256,66
1169,79
553,80
5454,83
10007,59
7713,62
7967,80
8826,58
11214,68
10042,66
8416,93
583,69
6325,68
4814,58
10243,63
9142,72
6543,62
8510,57
2310,74
1266,60
6878,59
2130,85
4428,76
10945,91
9659,61
4246,168
1299,69
3354,64
1201,63
977,65
7097,70
4417,185
1770,121
11288,123
5278,66
6999,85
5160,79
8205,63
4867,91
9796,224
3507,75
7153,59
2394,71
11201,61
1744,75
8583,69
9237,71
7574,78
5881,169
9684,60
8919,72
9805,50
1638,81
5165,62
4096,77
8227,69
1635,56
4341,141
5101,67
5906,68
157,68
11903,64
9901,80
6606,59
3759,72
10608,63
1319,74
7870,99
991,82
9897,111
10626,69
3081,86
4286,165
7341,77
588,70
2145,82
10438,61
982,59
6869,64
5196,66
11318,76
9443,110
5585,75
4139,111
7751,89
10370,70
4556,46
11138,75
1067,68
2881,102
489,68
8736,70
6113,67
24,82
2616,71
4574,68
2213,71
8732,53
260,60
4231,87
3359,74
7044,65
11871,72
7775,75
10339,54
7644,114
4767,96
4974,234
3635,81
1799,65
11712,88
6216,83
1750,61
5805,63
7373,80
9837,159
5846,75
1368,48
11397,58
3855,77
3980,77
211,75
6682,60
6208,95
973,59
2636,73
877,66
9969,90
6123,81
3989,67
9762,72
7042,84
10706,59
7505,77
279,50
8692,75
1609,66
11302,64
3561,100
6336,65
770,66
11918,67
6310,72
1766,70
1998,59
6613,78
5825,111
11094,72
1117,73
383,110
9599,61
2459,78
10802,104
7278,113
4022,81
3718,63
8984,114
2405,77
6811,67
3247,62
10427,69
3126,100
951,151
6595,60
3766,72
9140,81
6149,112
7330,62
5396,66
8078,81
11802,83
9884,64
4338,62
5616,76
3612,63
2932,60
9223,71
1754,79
68,68
7259,77
11804,68
5710,69
1907,74
2510,49
5451,150
1954,55
3726,80
8437,57
11202,51
277,73
7176,70
5934,128
1318,288
3008,72
6791,89
7747,90
7499,100
10707,438
2003,127
4970,73
1008,70
6550,127
5698,87
11563,72
72,97
8398,63
8756,102
6087,62
3349,77
6934,77
1643,81
9100,86
6510,82
9681,70
6264,65
10590,67
11290,76
9362,65
6741,67
11195,65
6271,70
10856,64
10878,70
6398,80
7450,74
9623,74
3385,69
5816,80
916,66
5444,58
11285,81
2414,74
8238,71
7591,66
3031,143
3260,88
2529,82
10644,75
2203,67
10086,60
2650,57
5140,74
3815,84
3197,59
1681,72
7802,57
6590,100
7106,59
2053,64
1827,77
9375,63
6016,83
4047,59
5775,67
9311,93
875,79
3967,76
1125,57
11200,62
10063,558
9310,70
1211,78
2833,74
8180,67
7079,69
1222,106
7451,72
9158,66
5167,61
11564,61
10436,56
2986,153
9412,72
7232,80
8115,65
5128,50
1471,55
8258,65
3124,121
5302,109
5771,68
4240,59
7903,81
4961,70
5635,81
8073,75
10058,63
3529,89
5950,99
3949,68
5711,104
5452,82
5275,114
8700,75
3863,67
11123,72
10550,69
4201,89
8877,59
1867,89
3508,60
6650,73
9828,75
638,72
4457,62
3705,67
2148,79
7851,66
11878,100
9631,156
9010,56
11370,82
8892,127
8485,58
3129,71
3990,84
4785,108
7328,76
2108,69
11606,72
8188,75
10360,67
11504,77
11827,70
8592,103
7657,85
8656,80
4467,58
1099,99
5898,69
1942,71
3431,61
3937,82
10457,61
10372,72
10981,66
9551,106
4033,58
9985,80
280,79
5108,80
2274,166
8351,121
8487,69
3952,95
6656,76
1558,64
9931,82
7395,59
8061,75
11361,102
761,78
1593,67
6862,48
10772,64
6340,77
8173,77
7932,62
751,61
11417,60
8857,56
2611,75
6669,97
6908,73
5672,76
8522,76
3453,75
1273,199
7217,112
1675,62
1654,73
2755,75
9422,69
7881,133
1651,72
7244,63
9708,78
2240,71
4423,64
4020,104
4367,93
3940,70
3079,59
10161,62
7580,61
3524,68
6274,80
8267,68
10400,70
9580,61
10416,71
5682,68
4531,79
1813,69
4454,60
9376,119
9515,57
9424,75
7687,81
9011,104
10601,121
8223,85
10607,61
6653,76
6927,66
9456,72
8544,66
3336,64
2303,73
2543,90
2126,64
8431,62
5932,63
9012,62
10563,61
3796,71
1529,64
11169,74
7600,59
7641,85
11055,72
4784,76
31,114
6984,83
3533,79
2715,93
7141,81
10597,74
323,123
2711,78
3725,73
4835,62
8200,85
4360,75
7037,81
10584,54
704,135
3180,59
4149,78
5112,67
11623,80
4015,104
100,74
1972,69
17,55
6159,224
4827,103
4544,70
918,61
10521,56
2987,95
1811,76
6820,68
448,76
8447,85
9957,82
3781,80
2520,96
10989,73
2651,85
10251,63
1719,71
4992,110
8670,67
4104,81
2825,69
2663,114
1851,71
1119,138
898,71
9353,65
5925,68
7792,111
4855,90
48,61
5197,77
3326,85
9717,52
1294,91
3032,84
1365,79
6582,66
8475,70
1894,102
3184,96
7261,82
11767,67
11348,65
1495,76
124,118
3230,62
3095,86
7880,86
2698,73
1938,59
3550,62
564,70
10414,86
4014,58
4050,74
1708,60
966,71
8564,75
4236,75
872,71
8217,74
9373,67
6005,64
8559,92
4580,100
4479,91
6948,55
2118,143
423,54
7073,79
44,80
5211,84
7270,69
9616,60
1140,58
5492,63
9047,77
6478,91
1871,71
4487,62
3146,64
9144,76
6259,81
10643,83
10118,67
1845,69
10950,65
9492,68
9670,95
3147,84
4838,65
223,47
8104,69
7842,75
11314,57
3874,76
5495,70
5609,143
4912,49
5091,80
5599,77
360,61
5262,77
4232,109
6145,60
1632,187
11892,68
8029,79
5328,55
8443,70
6779,67
3461,82
11194,76
4215,74
7114,57
5742,67
5911,76
4144,54
1846,85
1038,61
2083,83
2685,68
5948,76
11920,69
1698,182
11400,77
11737,49
6058,80
3296,63
4456,190
10000,85
7767,66
4747,77
465,70
2408,60
810,72
9057,81
5896,89
7689,67
10303,76
6410,76
3973,60
7250,72
9378,88
5274,71
1176,181
3912,75
8391,78
3625,67
3963,72
1321,67
8296,145
3357,66
8395,81
7736,107
9827,141
4374,73
10238,68
2624,61
10704,99
11153,59
9224,66
7841,70
8776,76
4722,61
928,98
8852,121
4097,67
7458,60
7333,80
931,64
687,84
6658,63
2042,79
1993,85
4915,69
2687,52
5331,119
4041,118
6045,65
11172,129
7863,80
1326,56
806,72
5556,67
2839,88
11460,80
318,74
3434,124
7209,70
7220,63
5578,83
9489,74
8710,75
9477,66
4752,136
11700,78
9848,79
11699,86
5935,65
5365,62
4313,74
11764,111
7032,113
10926,90
5056,70
9677,71
1683,61
10994,86
9458,62
3778,71
5736,82
6168,50
10244,78
895,103
5683,86
6596,74
2030,83
7633,72
6842,50
8390,79
8752,56
10588,64
11609,63
3623,58
11704,78
1050,84
4725,72
380,69
11279,73
857,81
6157,51
2454,62
4890,94
4017,62
10663,74
5407,73
9668,78
6978,81
5610,99
7659,72
188,82
2648,66
6189,101
10132,59
6217,101
8866,72
10903,98
11199,75
8626,92
8965,62
10919,91
6194,61
2084,64
7602,77
5242,69
4909,90
255,76
6098,61
8138,81
6733,82
5939,56
5243,79
11404,85
8086,67
10467,99
10983,97
6458,114
858,84
1808,94
7768,63
4796,70
1143,71
1150,79
6289,74
11588,78
2106,77
11105,102
1003,68
10888,73
542,63
5070,58
2449,66
2308,69
5769,79
4613,71
147,124
5989,76
6374,93
1012,74
8886,121
11748,51
5362,78
10214,65
2046,70
9028,65
9285,67
6284,97
9736,103
8382,67
1000,72
3616,80
9372,105
3015,67
11473,89
8418,78
11045,75
8509,80
3080,57
6825,69
6903,65
8116,58
6319,110
11645,87
7893,63
3436,64
6638,110
1209,134
11163,63
3202,58
6117,91
6603,89
6585,72
7685,95
9856,52
2159,76
10883,71
6302,66
2846,66
8989,89
5502,56
1566,186
2863,74
1775,63
6900,76
329,80
7517,71
11578,60
6610,58
5987,68
11672,59
7680,80
11422,88
8879,78
4463,58
7312,76
1139,71
2417,81
5651,71
7949,74
3264,67
9539,66
9174,79
1622,57
5944,64
4249,55
6655,67
10375,249
6279,130
5586,206
375,68
3678,84
4007,83
7231,77
79,123
6321,64
4051,65
6039,67
11063,407
10928,75
4854,65
10997,120
1884,76
5062,72
3730,68
6546,66
228,160
10122,82
9284,94
155,66
1407,60
3290,72
8100,60
11808,66
2949,80
8868,97
5100,80
454,88
6850,86
5271,83
10271,88
2792,56
2431,78
7660,73
9358,85
8977,63
5315,71
7364,77
5783,79
2223,116
646,63
7197,85
4132,148
8797,66
4299,74
926,72
5524,74
6166,66
3204,84
9288,95
2396,74
5660,79
3660,62
9788,105
350,104
214,70
1286,53
4504,103
11321,74
7567,75
1249,83
7187,76
2438,78
11777,72
4344,75
6244,85
3122,76
4379,58
11205,66
8542,58
4386,88
2914,55
10879,58
6518,78
11788,72
7884,77
1056,78
8660,69
5008,65
8876,84
10319,89
5705,57
5347,68
8893,77
8356,58
9832,73
6953,146
5884,77
9886,70
7017,75
11033,110
213,72
2133,88
4707,79
4378,136
7339,74
8148,72
504,74
9742,62
4503,58
9261,52
3608,117
10906,58
5916,70
1351,85
11128,110
5693,67
2208,74
1565,68
8384,126
2298,60
5002,82
9463,115
2182,94
7325,142
11879,59
10307,65
4981,61
8197,266
11407,79
11277,61
8651,71
9173,60
266,67
2448,69
6470,54
11816,78
3919,68
8389,96
6881,71
11379,71
754,57
11857,139
2777,75
10342,73
843,69
6909,82
4828,68
3591,61
4229,79
10701,73
9330,78
728,65
2662,77
5023,89
2853,65
5819,81
2561,77
1315,68
5162,102
7008,67
11072,62
2595,82
1010,84
6628,59
2144,73
1690,65
7480,69
11568,61
622,121
5390,62
7540,57
1866,70
937,109
6476,65
4289,67
6593,78
11420,90
7407,132
2697,70
10697,83
623,59
1388,75
7674,66
7372,84
9812,62
699,64
10498,66
10939,69
2099,89
9112,64
902,57
1198,85
10272,77
2071,98
51,90
9753,66
11411,255
7769,85
11278,80
678,65
264,69
5152,65
7573,80
5244,68
1097,68
6736,62
11230,71
7874,70
11104,79
10099,75
7545,78
2917,169
2360,105
7629,95
5079,63
9725,66
9689,81
5102,74
1382,64
792,58
2075,69
4311,71
10813,62
3882,52
11624,100
9980,74
8491,55
6487,69
515,137
2444,58
11815,68
1964,62
2634,91
1060,63
6942,65
4953,75
2254,64
4385,71
3669,78
3160,65
363,85
10217,72
10331,64
11747,61
8534,100
1772,66
165,138
1098,90
3717,63
6313,60
7653,72
2572,83
11478,60
11933,78
5384,103
2821,61
9628,69
10836,69
10351,78
1724,99
11116,62
11666,81
5525,68
5662,70
2903,84
1053,77
9936,202
2207,100
1345,64
1542,74
8494,59
6142,72
3298,67
3655,55
5602,67
5269,70
1636,88
11554,65
3618,74
3297,74
9315,75
1381,74
5360,59
3369,68
9692,122
9318,70
11304,79
6522,66
668,46
10120,68
11584,71
4949,54
10815,83
729,113
1153,72
11786,93
5514,80
5175,71
3746,63
2837,79
2631,92
8922,60
11812,80
2174,68
6998,70
10549,63
6802,76
9988,82
2555,66
8803,79
4142,69
2978,96
3429,102
936,75
8276,63
6347,59
5903,61
9321,114
4873,63
2344,77
9576,147
10605,102
10500,185
10177,55
6112,78
7179,72
10440,86
3266,48
4552,70
713,60
6192,79
2583,63
10373,206
8541,77
4558,78
9442,78
2999,87
10259,88
4733,63
7715,74
5409,100
5770,65
8824,110
11272,67
4678,63
7805,72
2566,71
9268,80
9680,69
10860,67
479,67
1999,78
5794,59
1221,70
1442,104
11884,70
5574,62
10875,98
709,86
8781,77
11488,82
1197,78
6956,62
7486,76
2473,93
10941,71
3022,64
8724,65
8519,90
1149,70
2490,73
4667,115
8007,65
3679,68
1559,117
3999,59
9461,65
11913,66
11442,60
2082,88
3473,56
1695,90
4141,68
10237,113
5142,64
314,101
4653,60
10845,76
7739,83
6079,65
3094,83
4237,75
11740,55
3814,90
2327,76
2032,154
11770,82
8286,65
4662,333
7718,64
3822,64
397,119
4221,77
2638,87
7013,84
8021,83
4883,73
5351,118
788,76
3328,69
1244,68
11265,78
3187,108
586,75
4943,67
8525,74
957,241
7319,71
8386,79
9426,63
3852,193
2214,257
981,72
5622,73
6174,76
8370,60
1850,58
4776,84
3659,62
1293,54
3633,108
3953,81
6203,65
8961,60
11813,98
8055,93
5060,73
1763,82
2221,95
6093,102
1553,54
9720,89
11167,69
2945,73
6084,64
7168,71
5882,73
11035,70
3756,103
3018,115
9967,109
8056,77
9283,63
7229,71
4150,76
10142,98
6433,65
10606,76
9714,184
643,76
1640,68
1024,74
3474,60
2747,67
947,79
2211,55
6329,63
2778,112
5778,63
11859,92
6139,70
930,73
9747,82
11,76
4731,58
2571,82
2123,58
3263,65
9952,67
6996,58
415,61
10895,69
281,88
11927,70
7164,93
9209,79
10344,80
4791,65
10780,61
1979,71
3856,256
8917,61
7003,124
2894,64
1665,75
52,97
7471,79
4675,62
6763,73
7266,76
9048,98
2486,81
5171,67
1083,71
7973,57
8486,58
8791,63
7095,94
3518,83
11860,63
9927,67
6200,76
7995,80
562,59
8328,73
5982,56
9087,65
1385,64
11337,64
1346,86
11244,243
8049,169
6188,170
8445,68
11114,67
151,184
5843,102
2395,81
1021,60
7836,96
4393,70
6370,217
9844,61
8374,78
9346,77
5864,134
4877,75
1362,74
6734,77
6790,62
7082,79
4626,68
5668,61
2694,70
11960,74
9731,59
472,78
5520,96
6074,236
10693,80
950,71
6225,67
7109,79
8925,81
11598,117
4205,65
10869,61
9196,196
10808,56
1300,88
2093,115
2849,70
5304,79
9836,62
5718,67
4154,109
4124,71
11659,68
8873,78
7917,73
10305,99
10809,84
7098,215
7190,86
9946,57
5766,129
1752,69
5345,75
4032,87
4040,73
4043,70
11575,64
5607,57
10980,59
3416,63
8805,73
8040,72
9572,62
5540,74
3041,154
2469,88
11060,81
3170,81
7292,67
4995,75
11774,66
4739,57
7885,77
4529,78
6147,75
7738,132
7331,74
5298,91
4321,76
9922,134
5544,60
3898,78
7165,55
9279,59
6357,85
4512,148
9418,87
6130,82
4064,133
8659,86
2614,107
11837,66
4555,59
7262,73
4830,60
9239,52
6105,58
416,77
8387,70
11605,57
9170,70
6914,67
4676,87
6417,76
923,68
3096,56
10242,76
741,71
5003,121
1457,55
7829,49
152,81
3223,69
10405,71
10153,75
11390,59
9853,69
11547,71
8751,81
8747,70
5908,59
558,96
11775,87
317,77
3067,75
6040,93
6027,74
8209,61
2830,79
9108,67
1931,67
409,55
3570,61
7817,70
3301,49
3347,70
6568,62
10322,62
1552,66
1596,54
8169,70
2233,66
4053,48
5438,183
11017,78
9006,56
10407,50
566,60
361,61
4258,85
1459,100
5791,61
5403,71
1087,133
5222,117
7185,74
6020,69
3494,77
7322,59
404,73
4901,70
1193,83
1603,62
8194,61
7872,92
9913,68
10106,101
8531,74
7242,68
1005,63
7839,76
6684,78
3689,75
6624,60
6612,69
9842,79
11521,65
10577,60
10931,69
1760,73
7714,73
1352,72
1800,60
3237,76
4938,83
747,145
9291,93
5486,195
5459,62
6267,73
8146,58
4314,56
4187,55
8027,67
6633,79
8802,55
2860,71
10317,126
1262,61
447,94
7438,102
4973,69
4370,65
7465,65
1531,156
6407,65
5029,72
3734,57
673,59
10800,87
2643,77
8163,57
6251,74
698,78
6495,68
11184,70
1032,71
800,69
10371,57
4945,104
9902,67
11000,73
10665,65
1932,72
9113,67
8581,56
4375,71
11250,117
3049,72
10404,72
6540,82
6497,69
4440,67
9942,73
2210,84
7463,74
7460,196
5413,70
5588,67
4158,76
8646,63
7198,61
8528,66
2142,70
11807,71
8881,90
8213,78
697,67
10384,121
5322,52
4842,70
3158,69
3115,84
2061,83
8694,57
10519,76
9299,89
3848,66
620,75
7599,80
5676,68
6991,75
2541,68
10573,65
3267,69
912,78
5960,112
4570,60
10503,66
6473,71
9950,71
3549,59
9872,59
6572,65
11255,89
11375,80
1875,244
1736,74
6427,62
3996,74
5375,95
8784,76
4729,65
1384,78
1812,105
5776,72
7935,77
6964,76
9385,85
10687,63
3218,83
1667,74
1824,96
2390,73
2770,74
8648,63
11670,69
4123,52
814,72
446,80
11961,64
11897,64
5436,60
9524,62
7643,111
3195,73
9464,71
3587,136
9286,74
10421,60
2963,76
10015,70
7177,75
9589,65
1448,102
8057,74
6371,61
1395,62
1590,79
9895,75
9231,74
2224,68
746,67
9081,56
453,70
2107,64
4087,71
8399,84
3342,72
2141,73
3374,75
9979,44
4398,85
4528,60
8251,77
9686,81
9076,67
9907,118
1788,53
10239,67
10143,87
5290,67
8498,93
9549,83
8108,64
9205,49
1473,77
11917,77
4369,58
7134,85
919,70
3708,141
10109,64
8369,78
5036,68
1478,65
2759,69
1709,152
8641,60
2169,73
11371,80
9998,53
11087,61
8002,81
3221,76
11458,137
6615,134
4554,55
4395,121
4978,59
4495,87
10651,70
301,76
9147,44
5751,61
8423,73
5015,88
6234,68
376,58
7906,61
2712,123
6043,108
5646,71
5040,73
1751,75
1449,76
4771,70
11586,85
10726,98
6917,66
1893,74
4329,103
5637,94
8151,75
5339,82
557,56
3150,80
11190,92
2859,136
6019,76
11083,63
117,98
5484,90
5299,79
9504,64
364,67
11735,64
1835,64
10501,81
11964,73
5166,72
8298,68
1400,73
8120,84
7316,73
6263,60
2253,76
7112,78
7667,64
2156,83
6513,71
9650,81
5721,68
2936,90
10394,79
5788,113
11328,152
6033,65
11004,78
2554,58
7022,58
1819,73
9264,126
10817,65
6523,85
4143,61
5488,62
395,58
969,66
1933,65
7598,68
9316,57
3281,72
7090,104
10010,115
11427,73
11818,85
11223,67
1470,81
4623,76
3788,78
4121,62
1118,114
2451,74
10019,54
7041,211
848,74
11136,83
9687,57
4,85
5681,69
11687,63
6599,62
1171,79
9752,65
3748,129
2455,61
288,75
8686,81
8405,75
6817,64
298,64
249,252
1186,60
8753,62
2191,77
5808,65
2557,73
9533,79
3760,69
4120,75
3773,77
10444,99
11140,78
422,80
5965,67
6709,85
8291,130
6373,71
8872,68
43,81
7388,66
11469,69
7171,61
4859,69
5443,111
6387,74
10625,73
5890,77
2158,57
10418,66
11208,62
11797,59
6721,224
9143,74
6737,72
333,49
3849,77
4392,68
9960,59
10425,79
10745,84
9280,83
6754,62
1995,71
10225,57
3011,73
7966,59
5959,69
2317,90
2337,99
8225,82
1291,70
6489,70
1947,63
6009,110
4638,111
4640,94
1919,80
8272,87
8584,53
2934,82
4165,91
5870,104
8794,68
1606,72
8795,70
6529,61
10951,78
6731,78
3902,67
1328,68
9763,75
4498,54
6578,75
8950,84
9334,76
3443,66
836,59
8533,62
3820,103
35,78
1809,76
10333,57
7939,67
10505,78
9082,71
8737,130
427,79
1269,146
294,62
7691,92
2884,93
3219,50
3615,62
762,66
10574,78
7933,135
9164,86
9919,61
10890,57
7193,81
11784,59
9073,74
8816,75
9037,86
4475,68
6060,70
3338,69
3285,65
3,87
7984,67
5558,116
3915,101
2668,67
8978,51
11179,80
6430,97
2334,67
2948,76
7348,61
233,72
10963,100
1192,65
1425,67
3569,74
4290,73
10148,67
8032,73
10224,88
10932,73
9397,77
3492,97
4195,66
10969,53
9954,72
8915,60
9065,122
1969,73
8633,42
4924,80
3232,84
8521,73
598,87
5596,79
11484,70
2560,67
4485,75
10300,71
8565,77
4458,222
6011,70
6859,73
11506,64
6699,71
11618,74
1058,67
6144,68
6898,86
10985,101
10977,60
2637,79
1881,83
772,65
1237,75
10894,60
3242,94
9935,70
10514,76
4247,63
6623,62
5972,64
10469,51
8985,65
511,75
2479,65
2956,73
462,63
10954,59
2445,72
10587,114
2964,86
11744,80
3712,74
10275,59
1971,56
2411,67
2456,58
10424,62
218,61
2416,95
5665,84
1795,116
5311,81
9879,78
241,59
202,77
1415,75
2326,56
939,60
7298,69
1029,63
5158,87
2094,66
536,84
10530,49
2993,73
7166,73
3573,51
7350,76
21,74
4788,189
6155,127
2772,77
5858,65
299,93
9945,67
8207,69
9206,92
10258,66
2406,64
3536,76
1348,67
2580,66
1504,108
7898,77
4832,89
10136,209
8566,68
2134,66
2485,75
5624,74
11843,73
6278,68
9627,253
764,99
825,51
7604,66
1014,93
2201,70
501,186
8177,100
4384,62
6718,82
3216,67
4933,81
4073,165
6378,85
8081,57
2764,85
2470,59
6537,67
4223,72
893,76
9312,71
11876,60
4958,63
10396,90
8902,49
9054,130
5122,50
8992,57
1173,92
8689,81
7783,68
10079,82
4548,74
5579,65
10618,68
256,73
2228,75
1013,65
6232,102
7879,70
3868,73
552,79
3821,78
4057,73
10029,83
6024,91
701,78
11470,86
7301,72
4387,61
3988,94
11722,72
1199,78
4062,67
9107,59
1427,62
5174,70
5292,54
6716,51
4577,76
6416,66
6223,57
795,96
1035,108
190,73
2370,69
6441,55
8594,79
10129,66
10092,80
4067,65
6297,91
7825,100
8505,63
8557,204
5370,87
7708,87
1114,74
9543,68
10269,79
4522,73
6799,74
210,73
1037,59
2018,120
8930,76
10571,67
2363,81
7979,63
968,92
722,87
5963,75
452,80
9622,116
315,167
6107,83
10612,85
1694,78
11448,97
8618,98
2644,98
4736,75
2742,60
7954,64
9495,76
7127,58
6355,52
3950,66
1616,77
9262,65
10900,105
4129,70
7671,57
7304,59
1878,71
8960,62
5415,56
5758,84
11129,85
1647,204
10829,52
11875,67
11099,93
3071,93
7703,64
10695,57
5078,64
5539,74
4355,72
5543,77
11435,62
547,70
3713,168
11495,80
2489,82
1158,80
5238,81
9595,70
6535,88
3938,69
7358,118
5194,81
7601,63
2587,83
11899,57
9146,65
10743,81
1364,81
7224,236
10567,60
10270,75
2785,69
11953,69
3840,57
6132,63
6992,65
1765,88
3966,80
8034,224
8836,95
9120,75
570,71
531,65
744,61
8635,68
2306,57
7637,85
5323,66
11734,64
3058,61
9868,84
2667,57
11121,76
9506,69
6015,67
8428,124
1741,48
312,97
3350,111
9252,62
9394,74
8862,62
4117,67
9043,76
9894,60
8246,82
9977,62
6858,62
8959,74
7222,79
2721,63
11571,68
297,45
2222,73
11352,132
5248,55
520,92
10889,61
9517,75
9281,63
5852,74
9244,81
594,62
3642,70
10053,76
2617,181
1926,75
6525,64
4516,61
9600,72
3901,68
2656,59
6955,53
9994,87
8983,65
5450,90
6932,66
9807,72
6977,78
7433,97
2173,136
9135,108
4983,75
1957,81
6075,74
1313,69
6241,93
10671,63
10913,62
3555,88
2974,82
10721,74
8811,79
5517,83
2548,74
6995,77
4397,69
5227,58
5164,90
10433,81
7334,85
561,51
6125,85
10487,60
5792,70
8278,69
11551,55
5902,69
8331,71
2707,100
2666,72
11149,72
5308,72
1229,74
11591,81
1310,84
9536,86
2625,74
7218,57
9243,85
5273,67
1204,66
6574,85
9168,75
5983,144
3948,57
2100,72
6643,67
1134,102
3823,48
8545,66
411,65
2535,63
6056,73
11848,57
9455,93
388,67
3862,56
8101,72
11520,74
734,70
1414,66
11901,74
659,76
775,74
11280,69
3962,69
2294,74
8606,85
1220,74
5977,76
11146,72
11943,63
9194,73
6258,70
1355,70
6989,64
6930,63
9934,103
5349,52
6539,63
4322,76
8627,96
6804,70
2796,55
5201,83
6536,76
9663,61
7033,102
8722,97
7205,60
1902,66
10466,108
7360,74
4605,69
9512,72
834,97
4547,54
5376,116
10073,74
10203,68
6923,62
978,74
2513,69
11191,77
4484,108
8923,77
8762,89
7078,63
9462,56
2319,77
11846,59
3069,61
11680,69
7353,56
3256,68
2716,63
8763,61
7793,79
1271,76
7369,66
7676,68
4518,77
3346,61
4261,64
11232,75
1621,82
191,74
3019,66
3827,67
7866,70
3327,75
6322,78
10362,67
11647,83
3924,83
807,63
1445,84
8471,82
8506,65
1538,59
4627,89
11296,73
6318,132
86,79
7538,54
5179,84
8143,74
1524,69
346,77
7572,63
2763,61
2259,123
10253,86
7015,95
7430,110
11100,145
7985,66
7608,64
7820,81
6061,62
7175,72
8967,134
7532,71
1974,66
9483,79
10918,69
7346,103
8891,117
9667,81
6256,63
9050,73
8059,84
3168,53
3406,161
8175,75
797,70
10419,74
4920,66
6516,84
11315,65
11071,74
7795,77
10504,152
9290,69
1715,59
4046,86
5874,59
11779,106
74,63
9556,55
4325,87
5745,92
11320,66
5120,55
5709,106
11710,76
10093,61
771,98
3173,56
9420,72
2237,81
3941,76
9307,76
4400,64
7391,109
3311,89
9429,75
4282,56
11369,55
7226,54
7742,78
4683,80
5293,80
8196,103
9784,110
2812,84
8942,54
5045,76
3828,78
575,80
8966,87
200,80
10762,51
8176,76
467,73
2905,78
3427,90
9190,67
737,68
11157,74
3159,118
11604,60
11399,74
2452,69
471,58
1270,65
1411,57
1129,138
6940,80
2867,64
9843,71
10461,74
3965,85
343,68
1460,65
9,64
11362,53
9688,82
1953,104
1705,59
5553,65
9476,93
3688,60
8488,69
2422,46
10975,59
11944,80
832,94
2743,69
8568,98
6017,81
7560,65
3649,77
7765,82
6494,64
2193,75
6317,67
1472,109
11064,73
3568,69
521,87
9739,69
11145,72
11912,71
2609,65
5940,57
6764,72
2882,67
10886,67
5109,72
5893,79
4693,72
8746,62
10499,66
7062,62
3958,67
10506,65
1223,70
5756,58
2676,80
8182,65
4283,81
10221,101
1184,86
2556,79
2873,61
11282,71
10765,71
6872,66
7943,72
990,90
480,70
5695,91
7019,58
8532,69
5355,58
6445,70
5785,76
581,63
6498,121
11661,86
1135,138
8869,110
8285,84
7123,66
6213,91
8729,72
4103,67
3886,89
10846,74
11622,67
9433,60
11113,105
5025,75
7993,75
8233,69
8460,72
4737,82
512,66
6691,58
1815,112
194,68
459,75
6243,59
8518,59
9794,63
2330,74
1241,89
927,59
7877,76
9562,68
2800,72
3954,68
7710,67
4023,75
3795,75
2015,117
9673,64
9776,81
6133,67
6041,75
5117,64
7743,91
9214,68
10443,75
10067,75
1613,71
8801,122
101,58
2399,66
357,56
8236,86
6742,67
2965,82
10062,76
2975,113
11787,60
5052,69
9127,198
179,74
10316,168
667,135
8164,76
4634,82
1051,79
1274,68
9926,76
8239,65
6136,107
6575,81
2761,73
2498,66
9121,72
11258,77
9910,61
8644,79
7938,69
6096,80
5392,103
5704,57
9939,67
3217,87
9793,91
11107,65
9273,224
1602,79
3286,230
7461,78
3698,68
10445,98
1402,79
132,71
3673,71
6246,69
5969,63
11037,67
164,74
8924,90
5909,53
3972,73
10513,80
4239,74
5570,80
8119,67
8547,66
11031,57
7208,70
9116,70
3885,61
5406,91
5734,125
2984,115
11752,66
5203,75
3097,69
3675,80
5411,95
6070,64
1185,67
6679,74
4167,86
7996,73
8179,71
10141,74
3841,78
1144,95
10677,67
11715,55
11729,66
6521,64
3959,115
4596,138
78,71
308,59
7875,62
3842,52
5361,72
6913,59
6696,68
10548,175
8037,77
5017,46
11754,59
2361,134
8458,58
2194,90
7688,62
2744,64
4069,68
6379,70
10803,68
5593,70
10603,89
4802,67
7001,72
8792,52
7563,56
11782,60
4356,76
7466,74
3379,71
4807,61
1550,74
7537,59
45,61
2131,99
6509,61
11203,75
4721,47
6916,48
1830,58
6338,63
7342,111
4016,64
4351,57
1623,69
7983,63
500,65
1432,71
2827,76
8691,82
127,60
4572,61
8657,62
6082,77
2921,67
3063,79
4137,110
1958,73
7213,65
8553,65
1960,80
10952,71
8478,72
8153,64
10277,80
9337,71
1070,69
10546,112
5064,93
158,77
2176,69
1164,85
5380,68
7700,136
4575,68
5254,73
421,83
7327,60
2898,57
5473,93
8381,55
4135,74
787,75
247,76
3469,76
322,71
10192,76
9791,88
9592,61
7595,80
8360,68
4886,102
40,65
9324,62
4749,82
4907,68
6138,95
186,70
5830,79
5357,54
8916,91
4712,121
2576,83
8601,82
239,75
5899,53
2603,69
11675,69
11409,71
7068,76
2957,71
9308,62
2495,69
7770,68
203,80
11219,68
675,67
11027,104
9982,74
572,80
591,74
2615,63
9066,92
5595,78
4193,62
525,66
11625,131
9965,66
7195,96
7883,72
6467,54
5999,73
3853,81
3743,57
10103,136
4297,71
5283,78
5319,80
7145,74
10392,76
3029,81
7830,61
2816,56
6252,76
11289,76
9137,67
10788,76
11828,66
9428,53
7733,78
8550,67
2000,71
537,81
5800,73
1659,59
3866,59
1633,73
4317,73
6034,66
11718,69
5964,60
2790,74
6637,56
3479,54
493,61
7686,65
6894,55
11648,71
6220,131
9023,67
8189,77
3946,59
3246,69
6414,81
730,69
9748,72
7144,71
8365,80
3405,60
6857,73
8695,75
9478,64
11855,72
1731,83
10336,75
2814,67
5487,83
4754,76
3065,59
1109,78
5181,77
4932,62
7553,86
4216,81
1181,60
11895,75
9188,62
1834,65
5887,121
11297,83
5382,67
161,60
9545,103
11671,71
1703,60
1403,68
4591,76
6304,139
6187,115
4637,70
3321,113
10383,67
760,67
4218,77
2607,94
8433,63
11862,83
5016,77
11550,70
221,96
6680,102
9943,69
6456,78
3117,61
827,66
1227,78
7288,106
3877,78
5317,87
1136,65
3401,80
3042,67
3025,67
10692,65
8222,103
8822,75
5787,69
6502,65
5980,79
1409,72
11039,73
3070,63
1100,73
812,87
7472,69
7186,66
10140,84
1182,64
7370,68
9171,63
5538,61
150,80
4527,108
9563,54
4672,63
99,79
8645,69
5829,87
1026,242
10712,71
7443,68
6781,81
3794,78
11144,78
2321,74
8819,69
5333,74
6787,59
172,72
11256,69
7436,68
6050,129
4308,68
2815,72
8294,79
11771,78
568,79
8432,51
3724,97
7297,75
3377,66
166,64
2739,61
7776,171
6475,64
10104,68
4658,67
2113,59
481,51
251,75
4579,74
7819,86
3636,49
7202,66
4568,66
6115,65
8157,51
7453,71
4388,66
5460,86
34,60
8123,72
6506,85
2852,73
4717,83
1810,77
7102,69
5630,81
11198,73
1162,85
2070,51
11221,69
1254,71
2466,103
7683,148
10949,71
10539,103
9892,67
9507,80
9348,58
6591,77
5035,70
245,195
2868,128
9129,61
3090,97
4817,70
4130,94
9735,68
5080,78
605,71
11032,66
5259,51
6171,83
4315,81
2606,73
718,78
777,59
1312,64
739,61
2155,61
6703,72
2819,66
2021,61
4935,87
1343,72
379,90
4671,99
3685,98
1465,63
4056,97
4666,81
3284,68
1680,122
6170,69
11497,73
8404,82
5300,54
11358,73
7181,73
8706,77
7402,98
867,68
8935,57
648,62
8216,56
5097,71
11556,55
7152,86
10943,77
576,61
8945,84
2058,76
5001,74
2249,166
9712,84
8558,72
10399,58
4285,103
4252,81
7724,65
2704,127
2924,68
1949,89
4333,62
98,69
3428,120
7454,55
11633,72
7378,54
1935,64
3027,70
445,65
5667,89
9230,49
9869,75
10139,72
8602,67
5670,75
8974,64
11590,63
8166,63
7146,131
989,85
2097,68
10942,62
6598,63
3233,73
6545,66
1965,64
1308,74
6507,79
5835,71
5561,72
11178,58
11654,97
1592,61
2087,68
3447,81
7672,74
5811,61
8527,71
2726,110
5303,66
7565,79
11545,93
8297,109
9738,75
736,66
1179,78
3921,61
1353,74
4704,64
4461,63
6177,67
1920,66
10592,71
1900,129
8106,85
10299,72
1075,63
265,62
6461,100
7807,63
8502,73
5110,56
300,81
10801,58
5378,79
1769,66
1955,71
1219,74
7467,71
11553,59
348,78
8667,82
5141,56
189,67
7200,88
11224,61
184,61
6165,92
5180,53
5367,129
5824,75
9161,71
1015,77
5863,65
6057,106
6330,72
1255,60
6722,71
2862,71
773,61
1033,74
7055,70
6176,59
6190,130
8846,94
630,73
5614,50
11106,53
8111,65
10547,72
6380,68
1216,66
3052,74
2410,75
8426,57
6834,56
5419,86
330,121
4610,56
10102,52
2474,64
9084,65
4956,80
11151,97
727,67
10674,69
7586,64
9594,85
4324,77
2373,64
7199,84
5359,67
5373,71
77,63
10828,76
10766,72
11365,66
7050,80
6388,60
6126,112
7664,75
2674,101
9238,56
10827,82
3272,79
4444,71
3133,61
2891,61
2774,73
9109,76
5567,105
11607,69
7128,54
8830,75
7915,67
2851,77
9777,59
8507,67
798,67
4541,80
8168,75
3355,75
5879,74
9102,91
8290,69
610,61
4439,61
860,87
10201,66
232,109
7536,76
10028,86
8772,59
7987,59
4783,91
2969,77
6468,59
2028,60
11122,79
11820,74
384,91
125,92
11908,57
6446,67
7182,70
5930,60
2850,89
2187,76
11907,74
6926,71
9816,109
6514,68
3459,51
11310,79
616,73
9612,203
3558,51
8674,74
9662,79
5301,86
8770,54
10887,71
3969,65
11340,63
6962,69
8717,76
2472,54
10518,79
10623,71
6124,97
8154,62
5192,86
8920,78
5037,58
11313,71
9216,77
10792,70
8813,57
9691,62
9021,74
3077,80
5343,62
1077,67
8066,74
3006,65
3742,65
4401,70
6671,125
2928,110
10898,88
11695,49
10874,68
1205,66
10489,72
7359,55
6197,74
7344,82
5653,71
8275,66
5027,85
10406,92
8774,79
4207,64
6681,60
5151,68
10655,76
10814,72
10390,77
2923,56
6309,109
10288,71
9086,63
2869,82
1910,68
8347,68
1517,95
1658,116
9973,77
7376,72
5447,109
9846,97
9425,70
8241,60
1528,157
4550,104
2180,56
7555,62
5157,69
1978,63
7495,80
9634,70
4140,72
2059,71
9374,72
7329,61
8010,54
4689,64
403,70
5215,81
1463,55
7065,69
6607,76
9044,77
9339,75
11483,70
2754,74
7233,81
1728,77
7377,70
1404,136
2140,87
7858,77
7046,65
985,58
387,77
7105,70
2441,64
4829,77
11640,120
9274,94
9953,70
9591,78
10023,70
5352,80
6500,169
6348,60
3404,180
1225,87
11817,67
6405,90
11753,81
5144,68
7107,64
10921,85
2276,62
4599,68
4649,64
11381,63
8206,73
1282,68
8970,74
3082,57
487,77
10865,50
11081,71
2947,249
565,67
1584,144
10746,92
9063,77
1786,59
8091,55
1577,62
7007,73
876,113
8014,73
4639,65
4898,65
600,72
5081,72
9359,76
2516,63
1443,79
1123,67
5391,67
1263,67
8215,65
6875,62
137,58
8574,65
3418,75
2817,66
9987,66
5994,61
3765,89
328,86
3907,95
4190,75
5650,78
5632,65
369,69
2848,77
494,118
3922,64
5946,79
4539,73
182,65
11378,224
2879,63
1040,72
8149,59
7024,74
4816,82
4959,67
3408,95
5335,63
6845,60
460,51
11180,69
8240,74
8041,63
3005,60
11769,211
3520,76
4446,124
5039,68
1837,77
987,71
327,68
6837,70
4352,61
3523,96
3817,60
1668,52
805,79
6970,73
1441,63
10758,56
7354,65
2190,75
608,61
1256,60
7120,64
11856,88
9389,93
3099,57
9025,68
1564,94
4088,63
6415,84
7892,79
208,69
5204,69
5542,67
7916,78
10717,66
8342,63
11218,81
2446,56
8755,66
4075,70
7810,76
9350,70
2610,74
5043,86
5883,69
9693,74
10395,97
3055,68
2896,67
8906,72
9996,66
11555,63
9131,55
543,59
10046,89
9007,83
5050,101
9638,78
6285,108
2177,59
8093,70
8690,97
5156,87
3400,66
4181,86
6892,61
6698,71
6218,65
335,68
692,58
3534,49
9573,56
11626,69
2696,68
2994,76
2892,62
8005,85
8590,100
1749,57
4441,67
8264,60
1239,70
9921,78
5202,62
3425,85
917,69
6749,76
3651,63
9160,65
344,64
11161,83
913,65
8198,67
3331,77
9743,204
11577,95
7928,112
9695,62
6618,82
11120,81
2728,62
7302,86
254,78
4625,93
3161,73
6457,72
3275,70
3702,98
3491,72
4874,98
3149,70
6920,59
3870,69
5996,90
1975,67
3078,67
11021,81
5692,70
4230,66
1520,61
3879,103
426,88
7086,70
273,95
1648,84
10481,89
569,72
6492,63
3621,65
8052,80
9435,66
2421,67
3583,68
2198,56
3191,86
9179,73
10318,60
4918,83
11309,105
10657,68
11803,101
10097,75
2519,69
11558,75
5219,57
6094,61
2277,80
10700,81
2916,67
8995,111
7782,68
7282,54
9669,68
5471,61
4688,100
3526,61
9117,64
3185,78
7816,72
4109,75
6109,88
7318,87
7678,89
967,68
6594,71
5563,76
3687,84
3799,67
7478,63
7126,82
9487,98
5364,64
2938,54
6001,68
5007,57
1361,46
9155,110
9636,80
4792,60
6072,66
6885,87
4892,69
5481,133
8834,69
3475,77
9229,51
2471,85
11548,83
11047,65
650,71
9644,75
5342,101
7317,69
5233,120
824,57
7006,92
7790,74
4066,87
11419,80
6861,81
2731,67
8219,60
11526,74
6295,64
6488,77
4426,75
3302,74
6922,63
4716,75
685,71
8171,56
4008,61
4650,69
1977,65
9637,133
891,75
8508,85
3483,67
6250,94
2163,92
1512,71
7607,94
2420,65
10848,65
11677,67
1187,80
3127,65
669,101
6332,76
10741,61
3595,86
6134,65
6587,60
8439,84
3283,85
602,88
8587,72
4065,66
9918,80
2376,82
4900,71
2401,82
2753,56
10962,71
10794,65
3205,64
4583,162
3893,55
8283,73
1475,69
2688,90
8658,77
5245,61
1378,58
1391,156
11641,79
10979,71
6517,71
198,63
10840,56
8652,69
6299,65
9532,54
1084,69
11973,103
7921,74
11008,70
11565,70
9701,62
6566,69
1046,67
3231,66
4509,83
769,81
20,75
5096,58
9493,45
5034,57
196,70
7662,61
1746,69
5938,64
5818,77
2029,85
3102,65
10675,73
10162,63
5603,110
4585,168
10847,95
5782,69
5962,72
1305,94
6261,82
3890,72
2592,66
3622,65
2172,75
7606,74
3304,74
9453,106
10402,70
6651,56
6807,140
10347,82
7315,59
10043,114
2910,60
1829,109
5393,61
11011,72
4982,62
7759,97
3383,72
262,71
9722,78
4106,64
816,76
7284,57
6323,68
64,65
9908,70
11082,64
2027,72
2665,61
2789,58
4761,76
2508,69
10739,68
148,75
11850,76
1251,71
11642,63
2179,78
4436,62
5255,60
9961,68
5878,76
10389,59
10257,66
3186,56
2264,67
5213,66
1410,91
6283,63
1734,75
1316,82
7907,66
6444,68
8337,83
10429,73
7137,70
1036,66
1104,68
2546,65
3602,64
4275,122
4288,109
9865,63
4291,80
2740,65
8033,73
6006,71
7256,80
6819,81
8126,72
7509,62
477,80
6401,74
5055,74
3213,84
6235,65
551,73
9210,77
6886,92
4715,73
9241,81
803,55
325,70
10632,73
3310,83
8133,124
9187,66
3056,71
11079,51
8603,55
4629,65
9938,76
7861,72
2433,64
1226,91
10284,61
2315,69
8517,73
8883,89
9265,61
11108,60
5837,69
8612,55
9679,66
3805,110
3869,85
8549,52
2265,79
7411,72
4868,77
4999,59
3366,77
2230,80
3813,75
5440,56
1191,75
6866,55
3572,104
3761,81
3643,69
1022,71
4098,68
2500,70
11799,73
11248,52
4214,56
9995,56
8624,58
8221,69
9523,74
780,67
1966,76
1848,65
11635,72
11387,56
4019,73
809,62
10698,78
11940,71
1738,77
4477,88
5584,60
7999,58
10453,86
7648,55
2157,74
3810,50
8269,68
8459,74
220,67
257,60
5280,73
10321,65
2802,71
7178,67
3512,65
2618,78
3118,61
6221,68
6907,83
6512,73
6796,154
676,64
8927,75
2430,64
1017,69
11347,75
4177,62
3020,68
3269,73
3793,78
7556,72
3791,65
8199,61
5291,82
7161,53
9629,67
9568,71
1116,89
6035,73
10036,86
3208,64
2639,73
8969,77
1069,91
7326,73
6294,61
533,71
3003,76
4438,85
10090,85
7058,86
6296,58
5634,76
9178,81
2995,56
7761,63
9328,61
2504,78
2305,90
3422,69
5740,164
4700,69
3611,76
3739,56
1090,83
871,80
8829,125
9778,68
2647,74
1451,59
8806,71
6406,68
4540,62
7345,58
5732,66
9578,64
3585,62
11619,64
432,78
11496,64
5439,68
2767,58
5912,84
8271,71
8096,75
9203,84
5218,83
8208,61
5143,64
3144,91
2323,72
11391,69
3944,77
660,78
7481,80
1289,74
4878,54
6693,81
6148,60
8838,77
7507,62
11954,49
11160,90
5368,63
3588,89
2380,73
2242,89
8563,55
9966,154
326,94
5730,60
6059,83
7614,61
10401,88
10016,69
4004,69
6211,93
11934,83
1839,73
1823,72
8026,73
8911,70
8748,72
11207,59
8955,86
29,66
7612,64
5182,75
6314,80
8928,95
3580,74
3273,134
1444,73
10760,71
10220,63
9061,69
8888,78
8526,66
10537,64
2671,63
347,80
1281,92
10806,60
841,82
10066,57
6632,66
5857,63
4182,133
7363,67
4451,62
2467,65
11475,69
2605,82
5268,70
7280,73
4131,80
10052,67
6248,55
6206,69
5267,70
6440,65
6960,68
128,68
11053,72
11254,77
4345,60
1159,61
2022,73
4234,73
6504,63
9999,53
8741,74
2729,75
9266,67
514,62
4708,70
7289,81
5765,84
7855,65
9800,63
7403,72
2,53
2998,275
2622,88
3784,49
1258,72
10613,90
10353,63
1579,69
3811,58
10662,56
11888,62
2292,93
10332,70
5044,77
6949,71
1828,79
8306,100
4478,69
10933,60
4011,96
7588,62
22,71
3244,57
1642,75
10409,68
11948,69
4362,47
8472,73
6275,74
3345,75
8314,71
11141,70
642,62
10014,64
1423,66
1862,72
1324,129
7837,79
7367,76
11086,99
3028,68
9333,71
8727,66
4270,108
10654,65
4614,72
1071,86
9857,83
1573,99
5821,111
4864,68
10446,64
10137,67
10096,61
6822,70
6247,96
2238,98
8714,78
1781,62
2799,81
7752,73
9920,93
9660,62
1874,64
7936,80
11955,116
3676,59
10948,77
9915,60
1453,67
7547,70
10119,79
9445,71
8495,68
9610,60
129,70
7989,87
1511,67
5741,72
6836,55
888,71
499,84
7856,74
6003,75
8293,95
3254,108
6707,70
10012,72
1570,62
3248,58
11062,97
6152,77
11655,114
9317,158
1124,68
523,91
10163,62
4520,65
603,57
3222,60
3300,87
10173,69
10169,85
5812,72
10719,85
8856,72
10629,63
6906,60
10564,60
6002,64
8665,64
11826,73
10033,74
5615,72
4118,73
3193,76
8623,67
9367,75
9852,58
5562,64
11159,64
6396,133
473,61
1148,69
8999,61
3994,84
5199,78
468,74
9923,78
1190,53
1607,88
11243,68
6750,95
8450,92
10723,69
11780,80
16,68
6346,79
6697,72
10050,59
7520,80
8556,58
6000,68
11853,72
6420,86
10678,70
9267,66
6634,65
5327,72
4576,49
1652,70
10061,82
5666,70
7398,81
5865,71
8632,73
1206,68
10680,64
9940,70
10134,73
5024,62
1562,54
5426,84
5018,74
3136,75
3826,79
7428,71
2235,53
1585,71
7204,57
23,64
9002,165
4879,74
626,73
10972,74
5600,67
5591,83
8807,70
9384,64
4078,77
2530,87
11364,80
5998,97
3110,64
9469,75
11685,90
6466,67
5512,86
658,77
6343,66
9519,73
8561,71
5832,56
7093,58
4865,84
2404,116
8926,78
9138,101
2188,63
9055,78
11847,59
7054,61
2346,87
10668,66
7914,57
6281,72
10670,69
2241,63
2784,54
201,68
6300,59
1163,77
8734,87
2983,69
7361,70
4005,62
7192,73
10855,75
5316,75
9074,72
3261,56
7263,64
7383,103
11732,104
11186,66
456,76
4794,76
10289,83
10961,53
10037,86
3723,57
4738,77
2787,80
4300,65
4491,61
7469,126
4191,60
8514,75
3976,61
153,77
3992,63
8228,71
5831,89
10345,58
11611,67
11819,69
5617,93
3439,83
10111,78
9366,64
10540,81
10581,69
11477,84
10857,61
5696,62
8379,60
11468,81
4624,67
8354,61
10108,57
3016,72
1836,78
7679,72
3407,73
716,73
2001,252
2871,75
4188,58
121,72
10831,60
1685,77
3677,113
11029,54
11291,71
4604,70
2797,61
1903,64
2039,78
7066,59
9111,62
192,62
8850,164
3644,78
7375,55
4225,63
6231,99
3460,73
10165,74
6801,51
2669,70
2765,76
2955,97
6648,119
3317,72
6335,65
3153,64
5580,100
144,76
9459,86
6048,78
1778,68
8242,94
4418,65
791,70
1111,99
11581,83
2854,64
10166,72
9242,70
3486,108
3797,150
6579,69
2861,78
5332,81
922,65
4499,123
8468,77
8790,62
9888,71
6833,79
3440,69
838,68
10881,71
8453,57
2076,58
11188,77
3433,78
8022,54
1674,58
10868,71
5442,57
8001,68
7424,67
8684,64
10328,90
483,60
4310,88
11175,63
6904,79
6946,70
7681,76
10279,69
6877,52
11236,124
590,64
4856,73
627,78
1488,73
8232,74
1497,73
4778,59
8270,78
4464,73
9106,106
2834,56
767,110
2271,65
11019,73
2256,66
11196,73
7887,63
10352,72
1626,151
4630,87
7975,73
3376,96
5779,70
11975,60
6565,67
11783,72
11341,94
3798,65
4081,64
2883,67
7047,119
11295,54
7822,93
9089,87
3007,94
9302,67
8340,62
286,70
9004,58
10247,71
3395,79
10609,71
2626,64
11211,58
2889,70
10737,88
9911,67
2979,92
3471,71
3348,78
5763,69
4696,80
8638,65
9449,81
11731,74
6641,85
7483,75
3984,76
145,83
2385,111
10902,77
5760,62
6584,112
2893,86
3154,69
637,75
187,61
11246,74
5724,82
1092,103
10684,55
11702,66
222,75
794,98
8043,57
679,84
7421,66
5260,77
9802,75
10909,64
3628,70
9134,87
975,65
8997,61
664,71
5503,86
4748,55
3722,80
11759,62
11958,87
3220,82
1479,61
10759,57
3758,68
10304,63
7994,62
976,65
1915,66
11931,64
6761,74
776,64
3472,64
8577,91
3125,71
3438,74
5583,57
3692,66
8539,70
9756,92
4884,60
3752,67
4039,50
11716,83
2476,60
3704,56
2526,59
8141,69
4408,72
11418,178
4304,88
2244,70
7896,63
6184,65
7384,69
10349,61
6951,65
6224,76
11745,71
2105,81
6782,57
1331,58
2464,58
5784,69
11583,67
4450,55
5508,91
9849,56
4670,65
1753,67
2491,68
10448,73
10294,71
2413,71
10442,99
6544,74
4473,74
7040,79
8011,63
11529,75
8630,83
4559,105
1112,59
10128,74
6921,54
5612,76
3381,81
9215,71
1240,68
4612,93
4486,69
5159,59
7419,65
243,88
4508,103
11758,69
743,58
10241,74
10292,69
2589,59
1304,75
8944,86
1599,138
7779,70
2720,65
7510,63
10690,84
11587,88
8629,51
8089,71
9115,82
10295,117
11711,58
1480,83
4793,66
4074,71
11131,120
11650,67
3075,77
5954,58
1406,66
11025,58
5209,77
8220,53
1792,65
11091,83
2168,55
732,56
7426,77
10673,52
8129,63
5489,72
8943,59
10676,72
3343,56
6893,116
11095,84
1101,67
1450,82
5663,90
5991,70
10562,67
10218,105
9821,66
10368,65
10818,124
9546,75
8429,71
3721,90
3982,65
2089,83
10776,96
193,84
5719,74
6855,112
3292,76
2927,72
580,61
7462,91
5223,78
11698,104
9586,68
4462,67
6328,68
2985,112
4353,83
8470,121
9259,68
5798,59
2318,81
1798,102
5296,72
3320,66
6160,83
7611,63
9813,123
10001,92
4077,81
8353,59
4084,74
8767,57
3291,134
7868,64
1587,62
9757,67
1390,55
1774,73
9072,81
1912,73
9906,73
2429,157
3174,106
11673,68
6986,69
5455,79
11015,80
11158,75
9045,77
1417,94
2290,65
880,63
4072,63
5264,68
10915,71
5955,81
1625,80
9403,76
11048,76
10493,64
7628,109
8480,76
8986,95
1822,59
10786,78
7803,83
11014,67
8709,64
7695,64
7515,70
1526,64
5241,84
7957,90
11357,78
6333,74
1928,55
3641,141
2081,81
4466,71
758,67
9582,69
2599,103
3871,55
258,56
7113,89
5205,98
11245,63
1968,66
11336,93
6824,73
10510,72
10004,73
8735,71
9785,87
5478,83
4781,87
8466,76
10835,104
5807,75
11051,81
420,68
8908,83
2497,61
9606,71
10374,71
4405,71
3646,84
10492,67
177,63
3378,69
3749,54
296,58
5353,59
1349,100
11231,37
984,70
1487,84
9180,83
10778,53
11923,76
5684,71
2287,85
942,74
6835,70
9015,75
4402,64
8580,77
909,107
5147,65
2675,66
3859,68
9355,65
9494,68
11881,66
1161,77
6499,65
1785,59
5458,77
5428,87
5522,71
9141,74
6108,66
10378,65
9682,78
2929,87
9855,66
2307,58
36,79
2514,124
2604,65
6028,86
11945,79
8121,70
11101,75
7108,68
4705,68
11451,61
4515,60
10313,63
10852,81
8687,82
9649,77
2876,71
10507,73
4296,53
2034,73
8719,72
545,63
6876,130
11719,58
11690,54
491,58
1991,77
457,59
9707,84
6490,76
2080,130
5880,62
83,83
1888,92
9300,67
10226,65
4172,65
4059,65
1376,123
8438,78
11109,77
10863,108
4507,71
4179,65
2478,89
9941,59
899,130
2119,54
4565,83
5838,79
2709,58
11880,73
4320,68
11741,77
4758,71
10627,92
6143,79
5119,65
7305,81
5297,74
3510,117
10388,75
5697,70
6447,69
7753,70
10538,69
1080,93
2801,63
370,58
2388,77
8023,54
4306,82
4691,129
11134,69
236,59
6838,76
10350,64
10784,66
229,187
4582,75
6867,71
4946,68
5720,77
8174,62
8865,73
5691,76
11396,82
10181,62
10024,71
1031,86
8192,88
5833,71
4496,59
2493,62
10379,70
11530,87
8308,62
268,60
1177,69
1988,73
2154,66
9574,57
9983,80
4413,74
3039,60
10127,68
3593,73
11165,58
89,61
1660,70
4254,66
406,52
8167,68
9734,58
6236,98
8260,72
5889,67
1868,70
10150,68
10184,78
7960,72
6320,76
6702,71
1041,72
8083,88
2533,93
2918,78
8501,80
9470,64
9557,120
7831,57
7552,58
1248,52
5139,71
282,100
9547,70
5251,75
9354,81
9780,77
4530,67
2250,61
7528,74
4686,109
7083,75
7158,88
5324,71
9148,75
8284,70
56,66
8980,82
2781,57
6381,52
2482,64
11474,73
5555,97
9513,139
11717,69
2007,71
7172,79
845,94
10281,69
6928,66
10460,60
9003,67
11966,134
8229,69
8715,69
11794,87
6464,80
6752,71
3387,64
3306,75
2461,91
8161,55
11616,65
391,77
9665,70
5814,120
2558,77
10558,98
8768,76
4870,86
614,59
10617,71
7387,65
10916,60
8765,77
5207,72
5636,80
11898,93
8994,64
6713,77
435,67
11471,80
3341,84
5402,72
526,67
10464,63
4774,70
7800,72
1872,77
4885,142
3831,83
2044,87
10804,122
11646,73
3214,64
5256,66
6463,65
11445,60
7323,81
5042,72
11691,66
2635,65
11233,77
9399,73
910,71
1722,69
4972,62
896,60
2348,73
134,67
1435,61
11877,61
4656,57
3340,80
3151,65
7020,69
3776,82
8599,77
4780,77
2175,91
11135,88
4164,66
890,70
7721,63
224,65
3165,67
3720,71
4196,66
5068,69
8940,65
11896,55
4965,62
2128,83
9511,72
110,70
8375,91
4813,68
5344,67
2340,66
3753,71
11438,61
7159,76
828,64
362,61
3066,66
8424,62
6816,57
9815,75
5618,81
2760,60
5844,88
2153,61
2621,70
1358,74
9125,73
302,64
1107,63
4208,56
7690,71
10145,98
11092,64
11242,81
1951,94
9255,71
10641,75
8265,91
4037,80
574,64
11189,80
7518,77
8315,136
3605,82
10485,82
6552,50
2055,71
563,82
7730,70
9808,60
11275,64
9427,77
8094,74
5445,70
5279,87
7191,80
11192,71
9070,143
6434,75
3437,57
4174,72
534,56
1280,77
6359,84
9639,69
8440,86
1147,83
8074,64
11300,70
11713,77
9719,85
7116,62
11891,133
6873,66
513,60
2225,88
405,63
11249,65
54,60
1863,102
11832,76
8333,54
11301,93
7382,71
2436,67
11909,92
2110,74
10688,50
4122,91
11142,76
2730,81
1260,94
4851,72
2147,112
4001,58
11253,67
5048,53
3707,65
4997,76
3557,59
10757,73
6815,59
7964,60
10361,64
8578,52
10048,68
378,78
114,63
8376,59
1791,70
5795,64
10265,66
4592,73
3647,73
9633,100
4643,58
5598,77
5853,56
3426,62
904,68
4812,102
657,78
11755,89
1516,63
7622,74
2920,76
7420,67
3850,67
7281,125
4927,64
6131,61
7431,67
2684,86
2776,72
4213,66
9724,76
11457,73
6083,66
8740,67
1580,71
9165,65
4941,74
4093,76
1276,65
5134,93
9496,100
4253,67
310,71
7652,69
6354,57
1645,60
7413,71
11329,64
11831,67
964,81
783,76
1210,67
560,106
4925,64
11059,60
3639,80
808,65
3783,68
6810,57
2926,79
10171,75
4795,60
5214,75
11293,58
9447,69
11428,68
3645,95
7791,68
3051,70
11143,98
1571,74
1948,52
3769,61
8303,60
8971,91
2349,69
2378,67
2418,72
3313,84
5032,66
6884,128
1360,64
721,77
169,82
6783,72
6636,67
3092,63
3790,76
7148,70
10960,93
8668,71
10188,75
4330,64
6963,75
10925,78
8617,84
11085,65
7844,80
1434,70
38,63
4389,77
7937,88
4866,63
135,76
2966,76
881,88
3337,62
167,57
10076,53
4099,75
6751,50
4564,76
9968,112
5239,75
6118,132
2507,59
2409,61
3498,65
5608,56
2681,63
4340,60
3112,65
9528,74
9991,81
6626,84
4914,70
6351,74
8933,63
438,63
10254,80
3872,61
2234,67
11006,104
924,76
10005,70
2288,80
11443,86
3265,84
8329,68
1151,82
5993,52
11481,61
7488,77
7503,67
2992,69
6785,100
4848,58
884,78
11868,63
1700,56
8773,68
4523,66
3865,86
11068,67
4563,64
9466,75
1989,64
6726,66
10495,78
4510,80
3829,72
11043,63
11842,62
10114,57
11806,65
3309,63
10653,62
7618,64
938,81
10729,67
3000,93
6269,90
5894,72
5687,60
7053,146
4766,76
6413,70
11117,58
11156,71
9436,98
5038,63
640,82
8178,65
331,55
7425,63
5841,76
6527,62
10968,74
3239,98
1666,107
6524,65
9878,60
11652,70
6657,68
4808,79
7459,61
5163,47
2197,67
2981,81
11926,53
2384,63
7758,90
106,59
6827,139
10494,68
6071,70
10082,62
4009,107
6486,64
11479,66
8981,82
4111,83
9053,77
702,77
6428,55
2559,84
9658,64
1500,71
11724,49
11742,52
11294,77
8118,92
3904,88
3452,69
1639,76
8696,75
6813,65
5146,57
2270,58
3021,75
1446,63
2951,69
11667,69
1496,81
5231,64
6483,88
7832,57
6331,73
1338,69
8998,78
8004,66
672,70
8135,71
1917,63
8361,63
10149,67
9704,74
6719,67
355,81
707,62
2658,65
3277,74
9554,65
7697,71
10542,63
7445,80
6559,69
10569,163
517,56
413,72
10235,82
11785,97
11674,92
2017,65
4251,67
8363,74
4665,84
11507,113
9421,61
3240,75
6198,70
6950,65
9041,71
818,72
710,99
1483,87
4951,69
5527,83
4470,61
7958,98
7899,62
2339,75
3189,103
3693,51
8234,82
5774,78
9022,70
9690,73
4309,56
10038,70
7371,64
3390,78
9760,124
8218,69
3916,97
7754,54
9294,66
10138,66
6222,63
11614,70
3435,75
10753,72
6677,116
963,66
5973,68
10740,69
10756,75
5848,64
5820,74
7340,75
2162,59
4618,71
8357,67
5985,74
7125,88
9782,53
1637,65
5551,54
458,126
8798,66
9522,86
11643,106
5149,53
8688,72
10310,71
3330,60
3887,61
8332,80
3417,74
6047,62
8595,65
2645,76
5823,61
4963,68
6111,73
7038,71
8172,66
10899,70
7506,70
7476,68
9614,127
1152,58
10274,89
2138,107
5176,125
6341,74
9847,68
10912,85
4760,75
1252,67
1856,54
7895,67
785,59
6186,87
9792,77
9257,81
2220,58
3838,55
10810,79
7464,82
11005,74
10180,78
10011,92
5560,72
1336,79
8609,93
2524,62
7069,100
1155,114
7143,55
1217,109
7919,71
1982,58
3715,70
5435,68
2275,68
112,82
2933,68
4327,57
7869,129
6668,69
11937,70
723,59
4257,54
1132,61
2300,99
3228,70
9338,80
6029,69
4535,64
6843,64
8062,62
11447,65
7475,72
3178,59
10170,69
1467,57
9482,73
6740,68
352,78
8705,130
10468,67
508,59
8904,63
2521,64
6090,100
8912,65
4048,93
9186,58
8170,61
7081,61
3462,94
10793,132
2164,81
830,75
5077,73
10718,62
5111,66
8900,65
2216,81
7843,55
341,87
5509,51
2178,71
10216,80
3183,62
11905,78
6526,59
6368,77
7546,92
7321,58
11489,65
1202,155
4085,70
11579,55
7122,93
5597,67
10820,78
11528,55
2212,68
10110,73
1166,77
10470,70
7748,62
901,67
1540,67
9232,70
9596,69
1110,70
10075,119
10614,78
8415,88
1491,66
8874,64
7873,67
253,71
3697,87
7584,70
2517,60
485,55
1644,61
7981,66
3803,58
9092,72
5183,67
2794,74
5506,65
4489,65
8843,72
6342,81
4607,59
2366,66
10189,121
10068,61
11627,69
8499,58
4714,65
10551,76
11077,72
3235,103
1934,81
7639,81
1212,50
4335,70
11408,78
7075,59
170,73
2079,62
8484,74
4631,69
30,76
227,72
1686,75
5054,80
11536,77
2818,68
3199,61
1250,60
1619,58
2756,61
6063,68
5803,60
313,45
8504,68
1889,63
9154,64
1576,67
7052,72
5307,101
11356,67
9866,73
4269,72
4277,68
9474,56
7216,150
682,74
892,79
6257,62
6385,79
1740,60
7487,76
11844,62
7666,70
1380,56
7366,70
5074,75
1377,77
8248,66
9715,64
6692,76
5340,106
3610,75
8341,72
6204,70
10529,89
5216,145
894,66
474,56
2725,87
3923,58
7414,66
10324,129
5341,66
2205,67
6172,72
9271,63
11333,67
3696,61
1314,77
3515,72
3530,83
1743,76
5270,73
7701,65
119,75
11573,68
2522,83
6055,161
10358,95
8731,71
5943,90
3034,68
5947,93
4532,85
7502,67
6091,64
7,73
3731,63
8699,65
3607,81
11363,71
10357,73
3249,70
9609,105
10924,81
7087,74
3030,97
2539,69
11610,82
3664,70
3397,68
6181,69
1923,60
9098,66
822,65
8312,54
59,83
2686,66
11251,50
10355,63
11922,87
4735,66
1246,53
8754,68
1431,86
4904,69
4578,62
842,73
4166,70
7434,69
4919,87
2160,83
3128,59
11093,65
10126,84
6777,66
7275,57
7722,68
5594,64
2895,68
8878,108
10825,73
9192,64
3613,66
4699,72
8080,69
5541,68
1802,63
8321,71
9386,57
11374,80
9861,73
3172,78
9306,46
5130,72
4697,89
4980,93
7000,90
11349,73
2646,64
6422,81
11965,88
6889,71
1952,92
336,69
10264,62
4908,68
1860,61
356,65
1885,87
7589,77
6120,88
4952,64
10278,61
735,74
5886,72
3617,88
7544,73
7336,113
3054,51
11756,66
9189,56
4339,65
11452,76
2202,72
5901,69
7173,48
6910,78
5533,83
11508,100
9929,73
748,79
1568,63
5208,73
1939,78
2258,72
10830,71
10526,56
9123,59
1290,65
5915,68
9873,73
8621,85
8673,72
6178,61
3391,95
8562,55
11342,105
1611,53
7410,102
8496,65
2248,74
2886,82
1841,113
3002,82
3203,74
7508,71
9175,83
3782,76
7111,63
6554,80
6939,61
3768,109
4448,65
6730,76
5220,67
965,77
11854,62
4276,71
9212,66
519,74
879,64
3363,88
7457,89
9647,59
9971,61
1997,79
9329,73
6993,74
8503,68
5022,92
11543,79
6153,77
9683,70
3581,74
9654,80
9434,59
4566,70
4394,88
9741,72
4560,64
9471,71
3542,66
7789,76
4200,51
9548,78
10116,73
1420,80
10622,62
10905,62
1916,97
8929,68
2143,54
7400,54
4403,60
9567,72
4465,82
10522,56
3072,70
11885,71
11863,91
5463,86
2060,72
306,65
1369,66
3033,77
10798,70
6915,65
60,67
10255,69
488,74
7605,83
3243,73
3747,71
10795,71
5399,66
6832,64
8991,76
7271,69
9875,52
7656,81
4060,56
9167,78
1350,68
3947,73
9880,71
5529,75
6738,74
8615,63
9441,74
9925,94
6794,67
1817,72
8777,76
4787,99
8327,89
0,55
11034,97
1416,73
10987,76
8273,56
469,68
3929,73
6097,62
4734,74
3156,59
8305,56
10591,63
6212,72
3653,54
7299,76
9364,54
4136,64
5629,85
11841,49
2352,77
4171,78
11942,71
7133,55
7154,76
1329,69
8619,78
7110,60
2967,71
10557,103
8158,59
8124,65
9099,62
2369,85
6435,68
7219,59
2052,84
3640,74
2632,63
338,72
10970,68
1854,84
402,60
4857,85
631,66
11440,44
176,73
10976,64
2680,67
3911,66
4719,51
9831,49
9721,83
3598,67
1833,74
9569,56
6462,76
3293,63
3556,95
1880,67
8187,94
6805,79
2092,73
8292,87
6911,77
4505,61
11527,61
3804,72
11193,65
53,64
1847,67
4680,57
7063,92
3729,68
3978,78
2536,53
10907,62
11567,66
8352,67
6533,74
8373,69
5716,67
11084,61
4363,62
9646,74
9414,118
11776,69
8951,68
10074,80
11490,75
102,50
3554,55
5012,55
6393,76
10312,76
1581,88
5098,78
8388,72
1142,93
11252,74
7285,92
1079,92
2997,127
869,77
8300,97
7749,83
3362,70
3861,58
4745,87
7692,77
5169,65
5088,59
5768,82
10283,75
6592,82
820,59
11519,78
269,63
11946,86
6018,64
1307,52
2690,97
2279,100
5404,70
9258,58
5388,74
753,59
175,90
5432,106
3445,73
5224,58
2402,83
4847,72
6728,55
8492,69
9227,59
6459,169
10843,75
5643,91
2940,65
10213,58
3210,64
10988,148
10034,137
3026,58
11967,80
4645,81
10112,89
11078,81
10882,62
7306,71
10486,82
7755,57
3339,75
5249,69
4133,69
9254,67
3009,52
237,59
9851,71
4611,59
6265,71
240,52
10807,76
4264,78
87,88
7246,52
10725,75
10978,80
5914,83
6573,79
5250,54
4151,50
10160,71
10984,74
6397,63
5468,72
6700,67
4245,65
3658,73
11762,91
7778,54
10055,74
5644,94
7623,61
9613,79
11239,56
2487,65
7550,67
7513,76
1523,69
11951,61
9728,54
9559,76
11425,86
5234,49
3307,94
1002,79
11866,104
6106,78
7189,72
11111,60
4421,75
4584,68
10512,57
8804,62
2460,72
8861,74
2828,71
5928,59
7440,66
181,51
1320,74
8467,76
9597,112
3600,69
9887,75
2368,63
9052,75
6308,80
2573,65
6649,87
3245,54
1175,84
1575,94
2749,91
316,65
7878,65
10088,67
3234,67
11124,68
3981,89
1503,79
2465,73
6167,74
9538,76
6919,76
3142,76
9981,66
2866,87
4948,88
11805,71
444,60
4243,149
3182,64
1897,72
1518,68
28,65
6101,77
3201,70
8449,76
5707,64
10885,77
1825,68
5952,59
7719,61
5790,53
5528,75
7207,96
10785,81
2678,64
11181,105
5059,92
1945,60
3845,72
8211,67
10003,58
3176,78
1865,64
652,72
4844,90
4303,84
6485,50
4280,76
2098,86
10366,77
8589,76
8330,63
8855,63
1618,52
3857,73
4887,76
2937,70
4089,76
10202,71
3619,74
661,62
26,70
611,65
6968,55
6199,59
1234,63
3048,70
5728,86
6361,59
10811,73
9282,71
4281,100
5729,80
3372,85
11164,45
550,70
7124,71
1493,89
7291,68
3108,68
4161,78
8430,69
5839,55
4800,48
9657,95
5743,64
5733,74
2283,56
2425,64
1297,77
10381,84
11969,69
1131,50
10781,68
1758,66
7529,84
6185,64
9900,66
5951,65
11322,71
3787,81
7942,73
1561,89
8639,96
7796,73
10329,60
5813,91
3666,74
2035,69
1034,80
11359,85
8723,83
11890,72
9754,95
9405,57
8567,68
7287,56
7313,59
11738,71
9027,59
11932,70
1194,69
139,73
10754,85
5905,60
2506,74
4357,79
3892,53
7658,65
5334,66
929,52
463,66
7603,85
9049,63
6753,60
4415,63
80,58
11703,78
9013,79
9097,69
2888,62
851,75
1924,71
11449,72
6031,60
3145,81
7149,88
5923,95
10791,69
10230,71
4262,69
7760,69
10423,76
11809,63
7640,70
11177,65
3040,63
2748,71
5773,69
5917,64
8575,64
3177,64
3665,73
3084,70
195,69
2432,67
7931,71
5577,97
9544,74
2365,70
7811,79
9974,76
8555,73
6937,82
2574,67
9432,61
8307,62
5992,91
5191,61
4573,76
2090,82
5507,59
6576,78
7610,52
9183,86
7498,56
3883,61
1646,68
4991,77
3441,63
5114,90
9448,73
9795,98
5083,56
7780,48
4993,62
8414,73
10686,55
1437,75
63,56
1044,83
10703,66
5210,91
4425,59
7163,63
9152,90
9296,67
9042,87
6365,63
5499,72
1007,63
4753,70
4651,67
11810,69
8087,77
10872,73
7118,80
738,78
3013,88
7963,82
2342,67
6975,70
7711,124
10929,87
6627,55
2538,197
4690,84
7709,77
7355,72
2043,56
2836,81
3332,75
6661,70
2442,76
1525,69
6690,64
10240,59
4128,62
6404,85
6395,46
2026,60
4916,88
6272,69
1096,71
6848,70
8745,74
10182,94
7934,134
7965,84
2014,63
11042,58
8788,71
8132,78
2313,59
7890,91
1456,76
2458,63
5997,73
1911,57
4416,65
9992,81
1678,65
11273,63
1167,68
1389,107
1301,59
3505,77
8593,78
3957,87
8783,64
11491,63
5722,63
9951,79
688,71
8256,63
10077,56
436,62
8464,60
8497,65
9839,69
6899,100
5232,75
609,59
8760,67
7442,68
2577,59
11706,70
8345,102
6687,62
1094,58
3166,64
9604,62
3917,71
8931,74
8214,96
8520,78
7016,85
5926,57
4652,58
1464,55
8150,69
4764,127
1386,73
3103,67
5092,60
7415,87
4727,57
3480,80
10742,115
7210,71
1727,62
7477,78
8420,71
11974,63
7579,49
2095,69
9607,81
7809,114
1673,96
1548,63
9467,92
6042,86
4616,72
1702,61
4711,81
7677,67
3864,75
394,65
4125,69
5652,97
9602,96
4710,73
1996,73
4557,54
7850,83
906,60
4687,85
4889,64
4744,84
8372,72
9153,65
905,68
9207,76
11596,56
2534,64
9863,60
6481,66
4279,89
1342,68
162,71
5306,54
6249,72
8628,69
4911,57
1908,172
2004,72
9297,68
57,56
9799,73
6759,60
4799,92
2324,86
11235,71
3626,80
6344,96
9746,69
3157,50
6662,64
8060,65
1095,67
389,90
7272,53
799,76
997,74
4628,53
2286,68
230,58
8350,99
10917,63
10320,71
5336,60
4850,70
706,70
11389,57
11210,70
11580,54
6088,63
3139,64
4372,60
9018,75
8979,81
9090,75
10958,81
9218,89
7140,65
6460,49
4681,53
9024,81
674,65
9993,75
7234,64
11380,63
8318,59
2673,84
3985,85
8409,77
7944,69
5827,62
7962,52
8975,64
1174,68
215,55
2086,77
8336,59
11241,65
5466,67
11709,59
9327,122
8181,78
3681,70
3516,79
2670,85
8224,57
11938,76
4730,59
271,72
9834,77
4853,65
2826,79
7727,74
7437,154
7056,64
2038,69
6561,63
6569,71
4657,52
7408,64
9608,61
410,61
8907,107
6981,62
8607,65
5405,63
10911,64
7059,82
1967,83
6099,79
4770,88
11354,57
3325,54
351,76
8422,54
9093,105
6436,60
8789,65
1904,73
8017,64
3143,57
1877,74
596,63
10219,68
9124,75
5289,82
10441,103
9381,201
10702,68
1428,64
10155,73
4343,53
1918,86
7631,68
4018,76
8848,75
1121,80
2705,85
7523,76
252,72
7814,79
1322,105
7240,56
2255,76
10256,110
8871,76
7511,60
3241,77
5822,75
399,80
11016,53
7535,86
8323,66
6311,79
10553,69
5456,71
972,71
419,71
6353,60
3931,77
4718,59
3771,99
3648,68
3489,78
5708,67
3566,96
3909,60
10636,76
6266,58
7257,61
7847,84
4287,89
9642,61
6905,73
7669,66
8820,98
107,65
2152,73
4964,56
8113,70
3913,74
2217,71
11462,65
8299,80
10411,54
5049,73
3252,64
7311,69
962,58
3792,78
2552,82
10892,72
1398,80
1028,104
5715,66
8683,90
11127,71
9706,56
8679,81
2737,66
4434,58
6455,63
10640,95
5941,76
5310,58
7049,66
7135,64
3038,62
8289,74
9542,69
4483,54
2695,102
1806,76
853,72
7492,58
4986,60
2085,64
3393,75
5305,97
11335,59
11515,68
8932,89
7613,73
8608,70
4410,58
10527,95
3780,61
11316,78
492,69
1820,75
5173,61
9035,83
11789,82
6806,59
9521,77
97,65
11434,72
999,62
4029,159
4871,87
7853,72
6286,87
2063,84
5161,77
8383,72
5212,63
5104,72
8759,76
6944,82
681,61
11936,73
10930,63
8885,82
4192,86
2911,74
1283,73
4698,63
4701,79
4668,61
887,53
8442,84
1422,59
1065,74
9618,68
311,70
9457,73
10991,74
8766,52
9745,68
10935,67
636,63
400,69
10451,69
3577,64
3956,63
11511,61
6025,65
4071,101
11472,71
3278,62
7512,121
1677,73
9490,82
9400,68
5873,62
2939,95
6994,53
7925,69
4869,66
7314,75
5371,80
7539,74
10377,68
4702,50
7974,69
3867,56
10064,62
2088,68
1595,69
6169,70
2971,66
11836,73
6064,76
9505,66
7635,68
11154,59
8779,81
2311,55
7990,68
6762,63
6129,76
3513,77
3920,63
5815,77
6645,67
7578,69
11009,66
8203,68
1120,55
3895,85
925,70
6366,67
4219,76
7583,62
3392,52
4260,70
10681,68
9933,81
1433,80
7169,63
9277,63
4305,78
4845,95
3490,86
1245,81
8105,67
1141,75
3446,98
6239,64
3951,66
3068,75
7543,67
9905,65
278,111
629,58
3843,65
1676,82
3209,66
9889,84
490,70
9193,67
9292,66
870,67
1261,74
9605,64
11269,61
6276,67
6746,69
359,63
584,60
10135,75
955,84
2387,67
4414,78
11088,75
4126,107
10410,94
430,61
5288,79
8716,72
1383,63
9105,79
1387,91
6676,83
5657,82
4922,73
4500,65
8309,50
2841,76
154,71
6973,77
8282,67
6334,119
11388,152
6419,102
4348,81
8569,72
3535,76
9972,82
11662,45
10291,181
5961,78
9810,57
8085,55
4431,62
4445,67
6291,68
6642,59
244,83
11392,61
8613,64
10727,73
5606,70
10502,87
7726,65
2488,52
7630,56
11426,80
5590,112
855,74
1247,59
8051,93
6175,90
7891,66
4493,75
3169,63
2477,77
4034,86
6121,65
10774,90
1392,61
4647,71
4826,67
11431,70
7138,95
6577,80
8077,85
11010,80
11209,115
2701,62
4316,64
2393,57
10769,91
4513,98
671,128
7848,72
7214,83
11825,74
5285,112
10054,59
8899,72
9019,86
8463,61
6399,71
3744,147
1419,49
3134,84
11665,73
5295,71
4025,64
10556,84
663,92
11098,74
3737,53
10282,80
4469,61
2565,64
11406,61
2590,62
6146,83
3105,73
2120,66
5430,73
2166,90
9617,91
1776,64
2267,56
3024,57
4905,63
6967,76
7243,76
1853,65
371,68
9699,73
7030,54
1138,63
10561,71
3017,64
8677,59
2068,76
8082,52
3353,84
9289,89
5984,107
8268,70
11833,63
2872,58
3088,51
9088,72
10497,65
3375,70
750,56
6879,64
5659,68
8764,98
6191,64
2512,80
5623,66
3732,75
3592,73
8421,59
755,95
390,78
4293,85
6382,70
3179,75
3694,76
10619,59
1906,66
10535,82
5869,87
8666,72
3299,81
11367,64
2805,66
178,71
65,58
9298,63
1737,93
10233,111
6384,71
4302,64
9564,90
11733,73
6448,72
7147,61
2659,68
7493,85
5548,68
4586,63
11174,74
2129,109
8598,77
11956,115
4318,69
5477,79
592,123
577,91
2962,65
7909,81
10849,66
9157,79
6036,63
2531,81
8726,69
8800,73
5642,71
3686,71
4147,77
811,69
11444,79
11466,74
10585,76
9184,59
5755,50
5363,68
9059,84
8698,71
11824,64
6604,65
2103,76
3899,62
140,70
8818,58
4492,51
1332,52
749,61
1481,77
544,69
464,72
5703,87
5150,60
9320,52
6616,68
1767,59
7737,92
1341,54
9031,63
7379,56
2065,67
3043,70
831,97
5752,82
4620,67
8266,56
1461,55
1662,85
5423,66
1589,66
11383,69
1956,55
8254,67
11873,74
3546,59
1732,57
10057,75
5592,51
1298,79
11345,63
5712,84
6852,62
120,62
4632,75
2988,66
9552,53
3522,75
9383,70
6631,65
9344,73
9503,67
3001,69
11402,72
10511,77
689,73
5321,83
11166,67
1796,68
11001,61
6515,70
2588,61
2122,71
2713,76
143,54
3351,72
9498,64
3155,58
1689,49
10920,66
3451,55
8028,51
2219,61
10186,62
5374,68
9590,63
4042,75
5968,85
2570,63
9396,79
4337,67
339,74
8739,73
7824,56
5978,97
4542,59
8676,82
9885,69
7889,60
8367,87
3974,67
2689,62
5053,58
7155,58
219,64
4012,71
9718,75
11215,56
7846,51
4383,75
4588,79
6563,67
11476,76
9465,66
1922,76
461,49
4409,60
7801,56
3719,68
6983,65
1729,71
7150,58
2002,59
1779,65
7365,73
1536,65
655,79
3656,81
10610,55
9641,71
9864,73
7698,80
5129,69
4366,75
6229,71
289,75
11162,85
8325,72
7201,78
5094,63
6394,70
4119,81
3282,61
6686,62
2727,72
5089,75
11467,62
10459,54
2077,60
6327,65
10904,66
3812,58
3835,56
10763,90
6665,68
7905,62
1671,67
5257,70
2423,88
199,59
8837,93
10523,68
1264,76
541,80
5988,73
3053,60
8075,106
10009,95
5009,71
2547,63
5931,64
9451,62
8015,47
9786,71
4682,84
2858,70
1154,67
11621,62
9132,67
9198,73
7860,67
3700,73
6943,90
2786,69
11436,70
2033,65
5958,78
11603,65
6215,83
5177,72
6421,73
11765,89
10624,76
1086,73
2371,56
428,74
6073,54
4636,64
5467,62
4782,69
6508,92
1023,75
10973,68
1339,77
10285,118
6918,41
8355,58
6553,68
9091,73
1501,67
4003,69
1218,53
5817,73
3977,69
3101,63
670,82
1608,64
9570,66
8244,76
2331,78
9068,74
4896,63
5066,61
495,69
3683,66
476,84
9531,64
3455,60
2579,74
9652,75
5420,82
5759,73
8536,56
10249,52
10045,66
7562,78
9340,68
3458,66
10369,75
8301,76
7924,74
8230,62
4090,70
708,76
9501,54
8614,62
9060,60
3148,102
7385,72
8750,72
5655,69
6484,97
1929,78
4641,66
509,72
5354,59
11544,61
9867,58
3360,75
8653,45
11441,87
4822,57
5106,65
1128,76
6301,62
10215,73
8095,74
10354,87
1207,61
11305,76
9077,93
3419,64
9313,62
9611,65
1801,68
6644,61
1196,70
3294,56
7249,102
1522,66
9332,82
720,53
983,55
5849,80
10314,70
1780,77
7009,81
2389,71
8849,63
10819,67
9361,70
10200,76
10174,70
765,71
4646,52
8880,63
8701,78
11171,100
6786,73
3499,70
10178,70
11465,64
8125,62
4157,65
5187,63
4331,86
844,95
941,76
11168,72
9581,66
7787,64
2020,64
7771,66
1078,65
1987,59
7405,61
3457,73
11132,68
4255,60
8102,69
6895,71
8455,64
11366,93
5826,60
5640,62
9990,80
8771,74
10105,73
7900,60
10338,53
9978,68
4606,58
4494,70
10582,103
10996,58
886,67
9510,54
9759,64
6114,52
10524,61
1288,81
8334,63
9119,63
3736,64
10191,70
4406,91
4312,71
2732,68
3657,74
5757,45
3268,79
8396,82
9514,62
9970,55
6542,75
854,75
8280,59
2386,70
11522,142
10738,61
2284,75
3280,90
10722,87
6352,62
599,92
353,51
5582,54
295,83
10713,60
2822,51
7399,99
874,77
9899,66
8572,79
8972,68
11429,80
2856,68
8832,67
835,65
9275,57
1551,74
9491,59
11393,94
10923,51
5530,62
4917,72
1275,66
10,60
6482,59
9765,58
3936,77
3754,65
3368,63
8543,57
3329,67
1983,66
6280,69
5462,72
1814,63
9159,82
9270,93
2958,74
9500,77
593,122
9128,67
8462,71
8255,87
6472,64
6597,70
4180,104
3881,58
3488,70
11283,61
2602,66
93,64
7484,74
4673,77
2206,68
3119,58
10650,61
6242,67
5675,55
11303,69
5195,80
6375,60
5500,53
11263,61
5753,73
5446,47
1650,56
3851,96
6102,56
2908,68
2829,68
4519,55
3710,73
7717,84
9062,63
7699,69
11572,52
3763,73
4063,68
840,74
8530,67
8127,62
1682,66
7490,106
7838,65
11882,64
5476,61
9145,87
3074,79
9882,78
6647,65
10091,85
7593,65
9411,73
5105,70
2146,63
9937,72
5136,62
9247,68
1730,67
8099,65
3825,70
4615,83
10482,93
1484,62
3630,81
9486,58
9130,64
9829,62
4272,73
11883,62
1073,53
10263,91
2263,65
7351,81
4723,82
2468,58
585,72
11002,69
1045,75
197,86
1426,75
1857,77
9666,78
11714,78
4861,68
4543,65
7303,62
4988,67
3738,80
10147,80
6439,58
8588,84
8368,62
4361,66
9862,65
9932,62
9075,64
11870,61
3500,67
2391,61
5377,69
7756,75
10621,60
9685,95
8436,65
6560,76
6818,61
9876,88
1016,74
2581,64
2736,67
6303,67
8831,75
6580,58
5700,70
10749,64
539,61
82,55
7951,70
1718,85
3167,75
4332,74
1582,78
817,76
9565,83
4839,83
1243,69
2840,69
11683,57
8003,82
6868,67
1704,85
11493,53
4977,68
11929,81
3120,69
2357,73
3514,60
6704,94
8349,78
2236,77
6611,67
7619,74
863,77
8851,101
6372,68
7799,84
7448,54
7293,60
4621,82
9713,67
11487,67
7548,59
2627,58
2919,89
7564,62
5649,73
4798,64
7953,80
5750,85
6312,74
2751,58
5967,70
11505,82
7085,61
7596,59
11338,76
5690,109
95,66
9008,119
25,75
11024,74
3565,63
3484,77
9621,56
789,71
2952,56
9202,69
11705,76
11822,76
5731,79
9078,77
11840,54
980,70
3323,70
2562,54
4685,60
4852,72
10880,64
11539,93
6936,70
4894,55
703,77
3801,57
7927,76
1649,70
8018,71
6315,61
5186,51
4661,63
11915,89
6622,55
8202,82
2649,69
6454,65
8996,56
1001,61
9253,70
7264,53
5137,60
7004,75
10130,59
2415,49
11461,66
4971,132
3914,70
11902,65
7781,58
5013,51
18,60
6538,62
10594,59
7504,67
320,78
305,65
9661,149
3807,70
2640,77
6865,57
1509,53
11353,99
9984,76
1909,76
6449,83
2682,55
10343,69
961,74
1554,63
4227,73
4112,85
9276,79
5810,78
9030,64
4695,51
11266,62
10779,66
7745,55
90,61
5057,62
10649,70
1325,62
10509,75
429,64
392,115
6770,161
8513,64
417,69
11592,86
5084,73
11795,65
5504,81
6369,100
9391,76
804,73
2591,70
285,60
393,85
4581,62
11814,69
3553,69
8546,60
4692,67
2397,68
3560,60
238,71
5482,74
7913,71
2137,65
11911,68
2878,66
2641,55
1597,76
7394,61
9963,88
2528,64
9326,101
5313,81
10026,79
587,59
2151,80
3424,71
11216,66
3873,73
4608,68
1594,63
9379,61
632,66
2582,64
9056,54
6095,59
10065,81
3601,54
2008,79
5031,59
1925,81
5090,76
7840,69
6654,56
1295,77
9392,71
7404,57
7115,60
8358,73
527,66
5235,72
2329,68
6701,71
666,64
3599,65
7592,58
9881,69
9727,187
5225,67
11684,65
1793,86
3012,53
9377,65
4371,75
3106,67
92,74
6635,73
4256,76
7332,72
9438,50
8025,64
1572,86
5338,75
3423,68
7857,70
8697,71
7449,83
9620,77
4571,57
4990,62
8718,62
217,59
4381,69
3930,60
11801,50
10528,62
6110,66
10570,57
8359,50
7389,82
15,70
10175,56
7237,62
5113,67
4420,62
6227,85
8938,77
6929,67
8894,70
790,60
4947,104
9034,61
3114,56
7594,111
8604,92
10841,69
7558,66
2475,49
11260,49
7406,64
7253,70
2779,59
11041,49
8702,59
8201,46
11036,84
4590,59
1323,70
358,58
11678,97
10296,89
11692,73
5888,70
5069,65
6010,56
5566,57
10775,69
5834,62
1794,80
1195,73
3463,64
1074,70
11225,66
2218,72
7039,62
10747,60
2672,85
2064,93
3559,56
6195,77
11725,74
10496,59
5605,61
9236,61
959,77
994,64
9518,88
10337,70
10100,72
5479,59
11395,70
9587,105
11112,55
4210,70
9818,64
8159,53
717,66
1985,68
11018,55
8038,70
8538,69
4350,69
2184,77
6086,78
6901,70
10018,92
11524,81
7904,64
7084,69
7277,58
5103,62
8441,68
9509,58
2752,64
9860,75
11176,67
81,58
8136,128
5847,57
10639,65
9095,78
7992,57
9026,82
4569,71
3318,70
1940,104
2941,54
3442,70
11050,71
3979,70
11096,72
1180,73
10211,55
10231,80
11147,66
5677,78
11013,70
9431,69
2959,69
10576,53
8964,75
9473,64
7228,66
4831,63
3706,65
8362,69
4841,89
2116,110
864,60
5170,61
9370,71
7514,61
4319,60
5116,60
6162,100
6562,88
3584,77
10439,60
7516,71
267,55
4399,71
9369,70
11829,72
8155,89
10953,76
10393,59
7615,73
9331,75
11268,77
597,72
11634,65
946,54
7554,54
3289,89
6694,85
7034,67
3571,65
7260,75
3777,74
11226,72
8137,58
5638,70
1629,60
7429,61
5395,88
6345,85
4211,97
5920,96
8870,82
9235,71
2066,52
6864,63
2960,69
1950,71
10179,87
4755,61
7247,51
11065,63
8585,63
4660,67
9694,96
2550,68
1284,72
7276,87
11773,70
1896,63
559,83
9182,84
2545,77
5286,71
4709,65
8322,62
10035,77
1773,57
4235,66
8825,63
8019,88
11076,64
4365,50
1418,86
3596,68
10679,95
6549,94
10578,72
8982,71
6255,69
6426,64
3609,74
1238,64
4178,51
7570,62
3918,69
4960,67
4684,79
3762,76
9497,67
2913,70
4061,73
6792,81
368,72
613,62
2204,79
8730,96
418,74
7131,64
6958,69
8377,72
6068,50
2633,67
10964,78
619,75
7491,52
1861,69
4488,81
9671,68
8481,63
58,72
234,69
3755,96
11693,60
5867,60
6193,72
5464,62
601,68
7867,60
6747,81
6156,72
3131,57
1064,69
5472,71
3997,88
5314,55
11130,49
8903,52
9322,83
8787,66
3194,63
7585,52
9217,62
695,56
1439,71
9240,69
5020,71
11058,67
8654,57
6847,61
995,76
8131,66
2434,81
10483,75
3132,77
11886,60
4030,68
2813,62
8295,65
3047,63
8962,62
1921,68
7295,72
8427,70
5621,68
11482,88
7706,83
6720,63
8744,72
173,70
11972,96
9845,49
5975,61
6076,60
733,59
4806,87
4358,69
11286,59
4203,76
5265,72
10229,57
9947,75
5552,60
6014,68
691,72
6479,78
7104,62
366,77
4347,90
5979,81
5277,109
55,69
11874,55
9854,57
10205,76
6158,90
6026,67
5153,63
10123,74
6547,64
6558,77
5381,70
8184,53
7526,60
6358,69
934,55
270,59
1476,51
1588,54
823,57
8364,59
8130,108
7473,58
10071,57
6727,106
10479,74
11148,66
8738,71
3935,65
6841,68
484,61
11412,81
5924,81
7673,63
5172,55
6567,54
6830,58
2598,72
5845,76
146,76
6758,67
2874,55
1899,37
2496,84
5974,63
94,78
10736,61
5658,79
10532,68
10554,60
5713,73
1699,87
9561,70
5240,71
3672,61
275,100
5929,67
1091,56
4159,71
6767,60
8482,76
160,63
6179,72
8939,60
226,68
7818,64
6137,66
4021,70
502,74
2278,78
6712,75
6008,62
9219,65
11267,71
3454,73
8579,59
2608,64
1413,74
6711,76
3517,77
3650,67
6119,57
2316,69
9357,61
3991,80
11676,61
263,57
2612,79
4765,72
1122,54
1454,73
3970,63
9460,70
9770,55
2045,66
4248,73
8605,70
2766,107
4597,75
11721,45
10047,55
2823,76
9698,57
1797,58
4589,56
774,57
3727,88
6141,71
9446,92
849,66
993,63
4858,74
3589,51
2838,66
4083,61
11834,61
2047,66
10705,76
1103,60
2950,50
8212,71
2518,67
4474,73
7121,69
1232,74
9803,52
136,56
9550,72
6268,81
1849,78
11182,84
10715,47
7746,81
2299,83
5706,73
6400,62
10330,78
6496,72
4551,70
1628,60
8711,62
7696,64
8338,80
3806,71
11103,64
9163,71
11516,61
11373,69
9678,102
6846,62
2181,73
11730,65
4076,62
6666,96
9798,63
6503,68
1605,53
2653,65
2679,71
2189,105
5701,77
7577,67
5625,68
7223,77
4726,63
10824,76
5510,67
3367,141
1311,77
9126,98
9764,71
4244,60
5217,52
7409,121
171,75
4546,60
3824,58
4849,64
1944,59
3637,66
7521,53
109,56
4694,81
1913,83
11089,52
11501,70
10232,67
4173,64
10447,57
11500,87
5474,75
7668,58
3819,93
639,66
5804,64
10302,70
5125,91
2549,89
595,66
7117,82
4863,71
4107,74
2702,59
11152,78
6780,65
4635,57
6161,62
4160,79
11456,81
10477,68
4741,66
1591,66
3541,84
10252,55
6972,72
11368,68
3562,61
1054,48
582,64
7183,70
7236,72
3229,63
10212,64
10586,66
8535,79
2922,81
4108,66
11574,73
9779,76
5885,75
10246,70
6678,66
7821,77
11401,71
5453,70
11639,104
10669,70
7569,62
4931,88
8500,67
9726,78
11538,77
5021,68
6745,64
5229,65
116,58
372,62
4902,65
7969,64
8288,65
2655,59
9272,63
11247,65
1452,82
1669,80
1344,55
6298,74
8786,61
8758,73
11222,62
9664,47
6755,59
5568,87
11459,74
7926,89
2341,60
11217,85
6044,75
2499,70
10934,90
7362,62
3410,48
8909,63
4391,67
10006,67
11688,67
9069,63
2623,78
2266,77
5230,66
7324,63
5497,62
5571,69
3420,64
4442,106
2757,77
1165,86
883,60
2511,58
2073,64
6437,67
8610,82
7444,49
7923,66
7864,59
2312,75
450,60
6389,59
5093,75
3274,65
4940,60
11589,85
8097,78
3926,52
9648,62
4797,63
4152,63
7439,63
2807,71
7524,48
4910,76
8451,62
3576,62
4377,68
6803,80
10735,75
1712,72
2773,56
10842,57
1701,76
10080,69
6032,69
8036,81
10475,57
1937,58
9737,63
3238,84
272,54
274,65
11694,65
5418,69
9033,76
779,75
10595,60
8576,78
2356,65
4028,60
6809,78
8808,53
10087,62
2629,73
506,82
3945,70
7522,67
7012,50
3259,60
1876,65
1055,85
1126,72
3287,69
11689,75
711,79
1357,61
6685,70
3846,93
2447,78
5132,68
183,60
3305,54
7940,72
9387,73
538,47
4092,71
6952,68
10999,58
9912,63
8,60
8335,68
8664,69
11259,68
7955,76
10647,73
11781,61
6982,82
8586,70
5247,60
8204,67
1424,51
1707,68
11772,44
7294,77
7094,77
7947,62
6253,66
8069,86
6411,70
11656,62
2831,79
10199,78
10826,68
3539,67
3212,76
9916,63
505,84
9653,72
7812,70
1061,65
6896,70
653,60
10851,62
986,60
8448,57
11681,62
7823,77
5836,57
6744,57
10837,63
9883,60
9676,61
4115,57
5802,61
6403,71
11049,58
104,60
11959,62
2364,55
6262,72
9949,68
1356,57
6772,64
7368,61
7494,65
6957,62
6202,66
10209,69
1936,66
5990,62
1462,75
11480,69
9924,72
4346,60
6238,62
6961,65
1624,68
2683,69
4323,60
5421,65
11608,71
2788,62
10615,71
714,71
529,64
9761,61
105,113
2010,70
284,63
1397,64
4740,75
6377,59
1375,69
9619,72
6812,68
6548,69
10157,70
9975,56
996,64
3986,61
1560,67
6089,74
8640,71
10121,63
7381,53
1721,78
4834,66
10730,78
11346,78
1160,56
2990,70
5575,67
10572,65
11976,59
8046,79
4185,76
8006,59
8821,59
11432,82
5330,64
8446,89
6356,79
9388,94
1401,69
4049,71
1735,72
4482,49
8366,70
4079,57
11070,58
250,67
7808,59
10648,47
5465,70
1025,75
5576,93
1930,85
9530,61
6756,67
3711,67
10862,71
1030,66
3684,76
10965,67
10959,75
8053,62
10853,52
3764,67
4994,73
6860,67
11630,74
5145,79
992,70
3631,60
6183,78
10458,66
11308,76
7501,73
8112,69
7352,76
5547,65
10397,73
11067,68
4376,79
7023,75
1818,76
6974,65
2820,60
2692,64
11707,72
6988,70
8145,62
11325,110
3467,87
1203,77
8988,66
2260,67
10914,65
3661,65
3188,70
10559,71
10228,134
2691,62
3995,79
549,53
8247,75
9417,55
9150,64
9705,72
7525,87
2345,65
10516,50
3389,75
10325,71
8839,56
5956,62
8479,62
10771,79
9585,66
7011,70
9136,70
7636,79
6453,86
8860,86
4226,67
3421,80
8669,65
1790,62
781,72
10398,56
11324,90
9104,62
6990,66
2885,73
6104,63
8072,60
9744,62
7971,67
1482,63
878,63
1515,75
10025,68
900,80
5535,61
4238,72
10633,66
9226,60
11118,70
4026,74
3537,61
2322,76
5358,62
9749,90
3100,83
2775,75
1627,59
1656,58
142,62
6931,85
3062,84
907,52
396,86
2494,59
11022,70
3411,56
10301,63
4968,57
7060,76
6839,59
5188,70
207,71
1215,51
6798,66
1653,64
4480,63
10789,63
9323,64
5431,74
7918,67
3035,64
3663,82
846,46
4169,67
1156,95
4100,50
5412,64
7797,71
2544,71
9352,70
6739,69
4110,58
2209,66
6292,63
7534,70
8407,64
850,105
861,60
6214,71
408,73
4044,65
1714,58
2012,63
11040,63
7320,50
952,73
6729,57
11351,64
9723,59
6367,76
168,59
1102,60
5414,68
5198,58
2125,87
1882,72
2804,64
4271,73
7347,60
530,74
9101,64
7338,68
5498,77
2054,58
5058,57
2295,81
10208,62
10787,74
4936,53
8622,73
4407,57
3548,74
11298,67
3181,61
9571,59
354,59
5028,70
6260,80
10094,47
11307,83
5011,68
4706,61
8591,62
10276,58
6364,49
11227,62
8842,66
10385,58
6409,69
5737,108
815,86
1574,63
10508,61
8140,69
5485,60
9080,78
10854,66
3076,89
10541,60
10656,76
9520,93
8946,73
10566,58
3023,65
8859,87
6851,77
7337,70
556,74
3162,67
5126,67
9437,72
9005,83
3538,60
6971,61
3371,81
7948,63
10072,68
9368,71
7590,69
4732,60
7723,63
2102,88
11968,60
345,77
908,81
3322,64
7571,62
7335,66
11355,64
6941,62
7763,58
1927,92
10198,79
8769,64
8117,60
1477,70
5258,55
11792,58
10908,79
3772,74
6205,66
6773,63
6030,68
3496,71
10873,78
10922,65
9156,59
3714,64
5005,59
2525,80
3880,52
10367,74
571,63
11971,74
7273,78
1277,63
10059,52
6757,63
4148,67
9632,58
3495,71
4728,65
5282,67
1372,73
2568,71
4035,61
8757,65
5155,66
4222,60
2320,64
9020,61
6771,70
2596,73
11384,65
7447,74
3470,60
4642,60
10631,54
2877,52
10936,69
11872,65
2620,58
2243,60
4481,75
9408,70
9651,88
11133,53
10022,83
7258,71
131,64
5121,78
1306,71
9488,64
8071,66
8835,60
7248,40
5118,107
11150,82
10645,64
8953,58
5581,76
10078,66
5061,56
4659,66
2523,59
414,63
11306,48
4301,51
10797,90
6664,69
11559,54
5910,94
2931,61
3582,82
10901,69
9502,67
293,66
7624,60
6789,62
2900,60
11052,55
1279,68
307,96
1145,76
3037,47
1883,55
3380,58
9751,67
3878,61
2502,50
11061,52
4127,70
10039,61
9797,60
9200,61
118,67
4979,64
9133,80
8313,60
693,57
4985,57
69,73
8898,61
3578,69
1278,58
2195,61
7227,67
1747,71
6933,67
6985,67
2117,66
9406,65
7888,54
133,74
47,74
9801,65
5851,78
3620,66
8671,62
3567,72
9976,67
7170,71
3255,52
5063,69
1018,60
449,55
651,47
2150,75
5921,52
1831,61
6659,82
6902,69
1059,45
10197,60
7416,60
2613,61
3130,91
4602,69
10893,58
8512,71
212,81
3164,64
10207,64
2127,66
185,53
3545,55
130,58
1486,67
2165,51
6066,71
5237,73
2281,61
6673,60
3671,54
10838,55
9499,61
9404,63
5918,58
7977,59
9944,69
5907,70
7286,67
8000,72
10966,62
6037,44
8749,75
974,72
309,77
11962,69
8065,68
6710,72
9287,61
2714,62
5957,76
9930,58
4524,88
6151,56
3802,68
7632,60
11046,65
2551,79
3399,68
11238,53
6571,62
9365,74
3073,57
9771,71
3750,50
4810,71
10013,70
3789,42
1711,63
5674,73
